title,url,date,lang
"기계공학과 윤국진 교수 연구팀, 세계 최고 권위 ‘CVPR 2026’ 논문 10편 채택,글로벌 AI 연구 선도우리 대학 기계공학과 윤국진 교수 연구팀이 세계적인 컴퓨터 비전 학술대회인 IEEE/CVF Conference on Computer Vision and Pattern Recognition 2026(CVPR 2026)에서 주저자로 총 10편의 논문을 채택시키며, 연구팀의 압도적인 학술적 역량을 다시금 증명했다.
CVPR은 인공지능과 시각 지능 분야에서 가장 큰 영향력을 가진 국제 학술 대회로, 1983년 시작된 이래 매년 엄격한 심사를 거쳐 우수 논문을 선정한다. 올해 CVPR 2026에는 전 세계에서 총 16,092편의 논문이 제출되었으며, 그중 4,090편이 채택되어 약 25.42%의 낮은 채택률을 기록하였다. 단일 연구실에서 주저자/교신저자로 10편의 논문이 동시에 채택되는 것은 국제적으로 매우 독보적인 성과로 평가받는다.
윤국진 교수 연구팀은 인간 수준의 시각 지능 구현을 목표로 폭넓은 연구를 수행하고 있다. 이번에 채택된 논문들은 이벤트 카메라 기반 기술, 자율주행 인지 기술, 그리고 AI 효율화 및 적응 기술 등 컴퓨터 비전 분야의 최첨단 주제들을 다루고 있다.
연구팀은 이미 지난해 ICCV 2025에서도 주저자/교신저자로 12편의 논문을 발표하여 독보적인 연구 역량을 인정받은 바 있다. 이번 CVPR 2026의 성과는 연구팀이 글로벌 컴퓨터 비전 연구를 선도하는 핵심 거점임을 다시 한번 확고히 하는 계기가 되었다. 연구팀은 앞으로도 기존 기술의 한계를 뛰어넘는 도전적인 연구를 통해 미래 AI 기술 발전에 기여할 계획이다.
한편, 이번 CVPR 2026은 오는 6월 3일부터 7일까지 미국 콜로라도주 덴버에서 개최될 예정이다.
​2026.03.06조회수212",https://news.kaist.ac.kr/news/html/news/?mode=V&mng_no=58950&skey=&sval=&list_s_date=&list_e_date=&GotoPage=1,N/A,kr
"전 세계 슬럼가 찾아내는 AI 개발..AAAI 2026 최우수논문상“슬럼(Slum, 빈곤지역)이 어디에 있는지조차 모르는 도시들”
한국 연구진이 위성사진만으로 슬럼 지역을 스스로 찾아내는 인공지능(AI)을 개발했다. 사람이 미리 위치를 표시해 주지 않아도 새로운 도시에서 자동으로 적응해 정확도를 높이는 기술로, 데이터가 부족한 개발도상국의 도시정책 수립과 공공 자원 배분 방식을 근본적으로 바꿀 수 있을 것으로 기대된다.
우리 대학은 전산학부 차미영 교수와 기술경영학부 김지희 교수 공동 연구팀이 전남대학교(총장 이근배) 지리학과 양재석 교수와 함께한 학제 간 융합 연구를 통해 위성사진 기반 범용 슬럼 탐지 AI 기술을 개발했다고 6일 밝혔다.
이번 연구는 세계 최고 권위의 인공지능 학술대회 ‘국제인공지능학회(AAAI) 2026’에서 ‘사회적 임팩트 AI(AI for Social Impact)’ 부문 최우수논문상(Best Paper Award)을 수상했다. 해당 부문에 제출된 693편 중 단 2편만이 선정된 최고 영예로, 한국 연구팀의 혁신적인 AI 기술력이 단순한 기술 진보를 넘어 실질적인 사회적 가치 창출 측면에서도 세계 최정상 수준임을 확인시켜 준 쾌거다.
그동안 위성사진을 활용한 슬럼 탐지 연구는 있었지만, 도시마다 건물 형태와 밀집도가 크게 달라 새로운 지역에서는 정확도가 급격히 떨어지는 한계가 있었다. 특히 많은 개발도상국에서는 슬럼 위치를 일일이 표시한 데이터가 부족해 AI 학습 자체가 어려웠다.
연구팀은 이를 해결하기 위해 여러 개의 AI 모델이 서로 다른 지역 특성을 학습하고, 새로운 도시가 입력되면 가장 적합한 모델을 자동으로 선택하는 ‘전문가 혼합(Mixture-of-Experts, MoE)’ 구조를 도입했다.

이번 연구의 핵심은 ‘테스트 시점 적응(Test-Time Adaptation, TTA)’ 기술이다. 새로운 도시에서 슬럼 위치를 사람이 미리 표시하지 않아도, AI가 여러 모델의 예측 결과를 비교·검증해 공통적으로 일치하는 영역만을 신뢰함으로써 스스로 오류를 줄인다. 이를 통해 데이터가 부족한 지역에서도 안정적인 성능을 확보했다.
연구팀은 해당 기술을 아프리카 캄팔라(Kampala), 마푸토(Maputo) 등 주요 도시에 적용한 결과, 기존 최신 기술보다 더욱 정교하게 슬럼 지역을 구분하는 성과를 확인했다.
이 기술은 △ 개발도상국 도시 인프라 확충 계획 수립 △ 재난·감염병 취약지역 사전 파악 △ 주거환경 개선 사업 대상 선정 △ UN 지속가능발전목표(SDGs) 이행 점검 등 다양한 정책 분야에서 활용될 수 있을 것으로 기대된다.

차미영 교수는 “AI가 단순 분석 도구를 넘어, 데이터가 부족한 지역에서도 실질적인 사회 문제 해결에 기여할 수 있음을 보여준 연구”라고 말했다. 김지희 교수는 “막대한 비용이 드는 현장조사를 보완해, 한정된 자원을 가장 필요한 지역에 효과적으로 배분하는 데 도움이 될 것”이라고 밝혔다.
이번 연구에는 KAIST 전산학부 이수민, 박성원 석박사연구원이 공동 제1저자로 참여했으며, 연구 결과는 1월 25일 싱가포르에서 열린 AAAI 2026에서 발표됐다.
※ 논문명: Generalizable Slum Detection from Satellite Imagery with Mixture-of-Experts, 논문링크 : https://aaai.org/about-aaai/aaai-awards/aaai-conference-paper-awards-and-recognition/
또한, 한국연구재단의 중견연구자지원사업 및 데이터사이언스 융합인재양성사업의 지원을 받아 수행되었다.​2026.03.06조회수217",https://news.kaist.ac.kr/news/html/news/?mode=V&mng_no=58930&skey=&sval=&list_s_date=&list_e_date=&GotoPage=1,N/A,kr
"세계은행·아프리카 연합과 아프리카 청년 일자리 해법 모색우리 대학은 케냐 정부가 주최하고 세계은행(World Bank Group), 아프리카연합(African Union), KAIST 과학기술과 글로벌발전연구센터(KAIST Global Center for Development and Strategy, G-CODEs)가 공동 주관한 ‘아프리카 청년 일자리 정책 지식교류 플랫폼(Jobs for Youth in Africa Knowledge Exchange)’가 3월 3일부터 5일까지(현지 시각) 케냐 나이로비에서 개최됐다고 6일 밝혔다.
이번 행사는 아프리카 청년 고용 문제 해결을 위한 고위급 정책 실행 플랫폼으로, 아프리카 20여 개국 정부 관계자와 국제기구, 민간 부문, 학계, 개발협력 파트너 등 약 200명이 참석했다. KAIST는 디지털·인공지능(AI) 기반 고용 시스템 혁신 모델을 제시하며 기술과 정책을 연결하는 글로벌 협력의 핵심 파트너로 참여했다.

아프리카는 2050년까지 청년 인구가 두 배로 증가할 것으로 전망되는 가운데, 높은 실업률과 비공식 고용 문제에 직면해 있다. 이번 행사는 2025년 르완다 키갈리에서 출범한 ‘아프리카 청년 일자리 실천공동체(Jobs for Youth in Africa Community of Practice, CoP)’의 두 번째 대면 회의로, 회원국 간 정책 경험을 공유하고 확산 가능한 실행 모델을 구체화하는 데 목적을 두었다. 살림 음부리아 (Salim Mvurya) 케냐 청소년·창조경제·스포츠부 장관은 개회식에 참석해 청년 일자리 창출을 국가 및 대륙 차원의 핵심 과제로 강조했다.
행사는 △ 근거 기반 청년 고용 전략 △ 디지털·AI 기반 고용 시스템 혁신 △ 선행학습 인정(RPL)을 통한 노동시장 성과 개선 △ 기업 환경 개혁 및 가치사슬 연계 강화 등을 주제로 진행됐다.
특히 KAIST 박경렬 교수는 ‘디지털·AI 기반 고용 시스템 혁신’ 세션에서 한국의 디지털 전환 경험과 인공지능 활용 사례를 공유하며 데이터 기반 정책 설계와 기술 기반 고용 플랫폼 발전 방향을 제시했다. 또한 KAIST 박가영 교수는 ‘글로벌 카페 세션’을 통해 국가 간 확산 가능한 청년 고용 프로젝트 사례를 연결하고 상호 학습을 촉진했다.

행사 참가자들은 케냐 정부와 세계은행이 추진 중인 ‘국가 청년 역량강화 기회 확대 사업 (National Youth Opportunities Towards Advancement, NYOTA)’프로젝트 현장을 방문해 직업훈련, 일자리 매칭, 창업 지원을 통합한 청년 고용 모델을 직접 확인했다. 이는 정책 설계와 실행 과정을 공유하는 실천적 학습의 장으로 운영됐다.
우리 대학은 지난해부터 한–세계은행 협력기금을 통해 동아프리카 청년 고용을 위한 디지털 혁신 사업에 참여해 왔으며, 이번 행사를 통해 기술 기반 정책 혁신을 선도하는 글로벌 협력 허브로서의 위상을 재확인했다.
박경렬 교수는 “청년 고용 문제는 디지털 전환, 산업 전략, 교육 개혁이 결합된 구조적 과제”라며 “KAIST는 데이터와 기술을 기반으로 실행 가능한 정책 모델을 제시하고 국제 협력을 강화해 나가겠다”고 밝혔다.
이번 지식 교환 플랫폼(Knowledge Exchange)은 아프리카 청년 고용 의제를 국제 협력의 핵심 아젠다로 재확인하고, 정책 실행 역량 강화를 위한 협력 기반을 공고히 한 자리로 평가된다. 내년 초에는 KAIST를 모델로 한 나이로비 콘자시 소재 케냐과학기술원 캠퍼스에서 후속 워크숍이 개최될 예정이다.​2026.03.06조회수144",https://news.kaist.ac.kr/news/html/news/?mode=V&mng_no=58911&skey=&sval=&list_s_date=&list_e_date=&GotoPage=1,N/A,kr
"“지구 안전선 이미 넘었다”...탄소 배출 한계 두 배 초과지구는 무한하지 않다. 일정 수준을 넘는 오염은 기후와 생태계를 위협한다. 과학자들은 이를 막기 위해 ‘플래니터리 바운더리(Planetary Boundaries)’라는 지구 안전선을 제시해 왔다. 우리 대학 연구진이 기후변화와 질소 오염을 같은 기준으로 다시 계산한 결과, 현재 탄소 배출은 지구가 감당할 수 있는 한계를 두 배 이상 넘은 상태로 나타났다.
우리 대학은 녹색성장지속가능대학원 전해원 교수가 미국 에너지부 산하 태평양북서부국립연구소(PNNL)의 폴 울프람(Paul Wolfram) 박사팀과 공동 연구를 통해, 이산화탄소 배출 한계를 기존의 ‘탄소 총량(저량, stock)’ 기준에서 질소·인 오염과 같은 ‘연간 배출량(유량, flow)’ 기준으로 재산정했다고 6일 밝혔다.
그동안 기후변화는 대기 중에 얼마나 CO₂가 쌓였는지(저량)를 기준으로 평가해 왔다. 반면 질소·인 오염은 1년에 얼마나 배출되는지(유량)를 기준으로 계산했다. 서로 다른 잣대를 사용하다 보니 어떤 문제가 더 심각한지 공정하게 비교하기 어려웠다. 연구팀은 탄소 역시 질소와 동일한 ‘연간 배출량’ 기준으로 다시 계산했다.
지구 평균 온도 상승을 1.5°C 이내로 제한하는 조건에 맞춰 분석한 결과, 지구가 감당할 수 있는 연간 CO₂ 배출 한계는 약 ‘4~17기가톤(Gt CO₂/년)’으로 나타났다. 그러나 현재 인류의 연간 배출량은 약 ‘37기가톤(Gt CO₂/년)’에 달한다. 이는 지구의 안전 작동 범위를 두 배 이상 초과한 수준이다.
전해원 교수는 “탄소 배출을 질소 오염과 같은 기준으로 비교하면 기후변화의 심각성이 훨씬 더 분명하게 드러난다”며 “이번 연구는 서로 다른 환경 문제를 동일한 기준에서 바라볼 수 있게 해 정책 우선순위를 보다 명확히 정하는 데 기여할 것”이라고 말했다.


이어 “탄소와 질소·인 오염을 함께 고려한 통합적 전략 수립의 필요성도 더욱 커지고 있다”며 “전 세계적인 탈탄소화 노력을 한층 더 가속해야 한다”고 강조했다.
이번 연구는 전해원 교수와 폴 울프람(Paul Wolfram) 박사가 공동 교신으로 총괄하였으며, 미국 PNNL 연구원 하싼 니아지(Hassan Niazi)와 페이지 카일(Page Kyle) 등이 공동연구에 참여했다. 연구 결과는 국제 학술지 ‘네이처 서스테인어빌리티(Nature Sustainability)’에 2월 16일 자 게재되었다. 
※ 논문명: Ensuring consistency between biogeochemical planetary boundaries, DOI: https://doi.org/10.1038/s41893-026-01770-6
이 연구는 AI기반 기후-인간 상호영향 차세대 통합평가모델 개발(과학기술정보통신부, 한국연구재단)과제의 지원을 받아 수행됐다.
한편, 전 교수는 3월 5일 자 사이언스(Science) 기고문 ‘지구 기후의 안정화를 위한 36가지 방법’에서 지난 20년간의 기후테크 발전을 재조명했다. 인류가 필요한 기술을 상당 부분 보유하고 있었음에도 충분히 빠르게 적용하지 못해 기후위기가 심화됐다고 지적했다. 또한 탄소중립 달성을 위해 탈탄소화 속도를 더욱 높여야 한다고 강조했다. 
※ 기고문: Thirty-six solutions to stabilize Earth’s climate, 기고문 링크: https://doi.org/10.1126/science.aed5212
​2026.03.06조회수204",https://news.kaist.ac.kr/news/html/news/?mode=V&mng_no=58910&skey=&sval=&list_s_date=&list_e_date=&GotoPage=1,N/A,kr
"스마트워치 병원급 혈압 도전..심혈관 질환 조기 진단 성큼혈액의 흐름은 생명의 신호다. 이 흐름이 느려지거나 불안정해지면 심혈관 질환과 쇼크로 이어질 수 있다. 그러나 혈류를 정확히 측정하려면 병원 장비에 의존해야 했다. 우리 대학 연구진이 피부에 붙이기만 하면 혈류를 실시간으로 측정할 수 있는 무선 전자패치를 개발했다.
우리 대학은 전기및전자공학부 권경하 교수 연구팀이 딥러닝(AI)과 다층 열 센싱 기술을 결합한 무선 웨어러블 혈류 측정 시스템을 개발했다고 5일 밝혔다. 이 장치는 혈관을 직접 건드리지 않고도(비침습 방식) 혈류 속도와 혈관 깊이를 동시에 측정할 수 있다. 혈관이 피부 속 얼마나 깊이 위치하느냐에 따라 센서 신호가 달라지기 때문에, 깊이 정보는 혈류를 정확히 계산하는 핵심 변수다.
기존에는 초음파나 광학 방식이 주로 사용됐지만, 장비가 크거나 혈관 깊이에 따라 정확도가 떨어지는 한계가 있었다. 연구팀은 이를 해결하기 위해 ‘혈액이 흐르면 주변에 미세한 열 이동이 발생한다’는 점에 주목했다.

연구팀은 서로 다른 깊이에 온도 센서를 배치해 열의 이동 경로를 입체적으로 분석하는 ‘다층 열 센싱’ 기술을 개발했다. 여기에 AI 알고리즘을 적용해 복잡한 체온 분포 속에서 혈관의 깊이와 실제 혈류 속도를 실시간으로 분리·추출하는 데 성공했다. 여기에 AI를 적용해 복잡한 체온 분포 속에서 혈관의 깊이와 실제 혈류 속도를 정확히 구분해 냈다.
실험 결과, 초당 1~10mm 범위의 혈류 속도를 오차 0.12mm/s 이내로, 1~2mm 범위의 혈관 깊이를 오차 0.07mm 이내로 측정하는 데 성공했다. 이는 머리카락 굵기보다 작은 수준의 오차로, 일반적인 웨어러블 기기로는 구현하기 어려운 정밀도다.

특히 이 기술을 스마트워치에 사용되는 광혈류(PPG) 센서와 결합하면 혈압 측정 오차를 최대 72.6%까지 줄일 수 있는 것으로 나타났다. 이는 스마트워치 혈압 측정값이 병원 장비에 한층 가까워질 수 있음을 의미한다. 즉, 웨어러블 기기의 신뢰도를 크게 높일 수 있는 성과다.
이 전자패치는 응급 의료 현장에서 환자의 상태 변화를 실시간으로 감지하는 데 활용될 수 있다. 고혈압·당뇨 환자의 맞춤형 건강관리, 쇼크와 같은 급성 위험 신호의 조기 감지에도 적용 가능하다.

권경하 교수는 “이번 기술은 혈류와 혈압을 더 정확하게 측정할 수 있는 원천 플랫폼”이라며 “스마트워치와 결합해 일상 속 건강 모니터링 수준을 한 단계 끌어올릴 것”이라고 말했다.
본 연구는 심영민 석박통합과정이 1저자로 연구를 주도했으며 해당 연구 결과는 세계적 학술지 '사이언스 어드밴시스(Science Advances)'에 2월 6일 게재되었다.
※ 논문명: Deep learning–integrated multilayer thermal gradient sensing platform for real-time blood flow monitoring, DOI: 10.1126/sciadv.aea8902
한편, 이번 연구는 삼성전자 종합기술원(SAIT) 및 한국연구재단(NRF) 우수신진연구(2022R1C1C1010555), 지역혁신 선도연구센터(2020R1A5A8018367), BK21 FOUR 프로그램, 정보통신기획평가원(IITP) 인공지능반도체대학원의 지원을 받아 수행됐다.


​2026.03.05조회수253",https://news.kaist.ac.kr/news/html/news/?mode=V&mng_no=58890&skey=&sval=&list_s_date=&list_e_date=&GotoPage=1,N/A,kr
"세포 속 ‘유전자 지도’ 한번에 해독...치매·암 연구 게임체인저질병의 시작점은 단 한 개의 세포다. 그러나 지금까지는 개별 세포의 변화를 정밀하게 들여다보는 데 한계가 있어, 수천~수만 개 세포의 평균값을 분석하다 보니 질병의 ‘초기 신호’를 정확히 포착하기 어려웠다. 우리 대학 연구진이 마치 구글어스로 지구를 확대하듯, 그 세포 속 유전 설계도를 입체적으로 동시에 해독하는 기술을 세계 최초로 구현했다. 암과 치매, 파킨슨병 등 복잡 질환 연구의 판을 바꿀 성과다.
우리 대학은 생명과학과 정인경 교수 연구팀이 미국 듀크대학교 야루이 디아오(Yarui Diao) 교수팀과 공동연구를 통해, 단일 세포에서 ▲유전자 발현(전사체) ▲후성유전체 ▲게놈 3차 구조를 동시에 분석하는 세계 최초의 초정밀 분자지도 해독 기술 ‘scHiCAR(에스씨하이카, single-cell Hi-C with assay for transposase-accessible chromatin and RNA sequencing)’를 개발했다고 4일 밝혔다.
세포의 상태를 결정하는 핵심은 결국 유전자의 작동 방식이다. 유전자는 단순히 켜지고 꺼지는 스위치가 아니다. 어떤 유전자가 실제로 작동하는지(전사체), 왜 작동하는지(후성유전체), 어떤 공간 구조 속에서 작동하는지(게놈 3차 구조)가 함께 맞물려 세포의 운명을 결정한다. 기존 기술은 이 정보를 각각 다른 세포에서 따로 얻은 뒤 사후에 맞춰야 했기 때문에, 미세한 변화가 왜곡되거나 누락될 수 있었다.
연구팀은 전사체, 후성유전체, 3차 게놈 구조 등 이 세 가지 유전 정보를 단일 세포에서 동시에 분석하는 통합 정밀 분석 기술인 ‘트라이모달 멀티오믹스(trimodal Trimodal Multi-omics)’ 기술을 구현했다. 여기에 인공지능(AI) 분석을 접목해 정확도와 재현성을 크게 높였다. 그 결과, 세포 내부의 유전 정보를 ‘한 장의 입체 지도’처럼 읽어내는 통합 분석 플랫폼을 완성했다.

특히 세포 하나당 분석 비용을 약 0.04달러(한화 약 50원) 수준으로 낮추는 데 성공했다. 이를 통해 생쥐 뇌 조직 내 160만 개 세포에 대한 고해상도 분자지도를 구축했다. 이는 질병 유전자가 언제, 어디서, 어떤 구조 속에서 켜지고 꺼지는지를 세포 단위에서 정밀하게 규명할 수 있음을 의미한다.
연구팀은 해당 기술을 뇌 조직과 근육 재생 과정에 적용해 22개 주요 세포 유형의 서로 다른 유전자 작동 원리를 밝혀냈다. 특히 근육 줄기세포가 재생되는 과정에서 유전자의 입체 구조가 동적으로 변화하며 세포 운명을 결정하는 과정을 단일 세포 수준에서 실시간으로 추적하는 데 성공했다. 이는 노화 및 난치 질환 치료 전략 개발의 핵심 기반이 될 것으로 기대된다.

정인경 교수는 “이번 연구는 세포를 관찰하는 수준을 넘어, 세포 내부 유전체 설계도를 정밀하게 읽고 제어할 수 있는 가능성을 제시했다”며 “파킨슨병과 암 등 복잡 질환의 발생 기전을 밝히고 환자 맞춤형 신약 타깃을 발굴하는 데 중요한 전환점이 될 것”이라고 말했다.
이번 연구는 KAIST 양동찬 박사가 공동 제1저자로 그리고 KAIST 김규광 박사가 주요 연구진으로 참여했으며, 국제 학술지 ‘네이처 바이오테크놀로지(Nature Biotechnology, IF=46.9)’에 2월 19일 자로 게재됐다.
※ 논문명: Trimodal single-cell profiling of transcriptome, epigenome and 3D genome in complex tissues with scHiCAR, DOI: 10.1038/s41587-026-03013-7
한편, 이번 연구는 서경배과학재단과 삼성미래기술연구소, 과학기술정보통신부 한국연구재단의 기초연구사업 및 바이오의료기술개발 사업의 지원을 받아 수행됐다.​2026.03.04조회수329",https://news.kaist.ac.kr/news/html/news/?mode=V&mng_no=58850&skey=&sval=&list_s_date=&list_e_date=&GotoPage=1,N/A,kr
"봄날 캠퍼스 ‘느슨한 시간(Oblique Time) ’展  개최우리 대학이 단순히 작품을 ‘보는’ 전시를 넘어, 관람객이 직접 공간을 거닐며 ‘느슨한 시간’을 경험하는 자리로 초대한다. ‘느슨한 시간’은 직선적으로 흘러가는 일상의 시간에서 벗어나, 공간을 거닐며 감각과 사유가 천천히 교차하는 또 다른 시간의 결을 의미한다.
우리 대학은 그래픽 디자이너 김영나 작가의 설치 미술 작품 기획전 ‘느슨한 시간(Oblique Time)’을 대전 본원 KAIST 미술관에서 3일 개최한다고 밝혔다.
이번 전시는 새롭게 공개되는 미술관 옥상 공간에서 펼쳐진다. 옥상에 설치된 세 점의 작품은 바람과 빛, 시선과 움직임을 매개로 공간의 감각을 새롭게 일깨운다. 옥상에 들어서면 높이 솟은 기둥들이 관람객을 맞이하고, 기둥 사이를 천천히 걸을수록 바람이 스치고 지나간 흔적이 몸으로 읽힌다.
계단을 오르내리면 같은 공간도 전혀 다른 장면으로 펼쳐지고, 바닥에 놓인 원형 거울은 하늘과 구름, 그리고 그 앞에 선 자신을 동시에 비춘다. 관람객은 작품을 감상하는 존재에서 어느새 작품 속 풍경의 일부로 스며든다. 공간은 더 이상 고정된 구조물이 아니라, 유동하는 시간의 장(場)으로 변모한다.
세 작품 모두 관람객의 참여와 이동을 전제로 한 체험형 설치다. 작가는 고정된 시점이 아닌 ‘흔들리는 시선’을 통해 우리가 당연하게 여겨온 공간과 시간의 감각을 비틀어 놓는다. 설명보다 경험을, 정답보다 사유를 남기는 전시다.
김영나 작가는 KAIST 산업디자인학과를 졸업한 뒤 홍익대학교와 네덜란드 아른험 미술대학에서 수학한 그래픽 디자이너이자 시각 예술가다. 디자인을 기반으로 미술의 영역을 넘나들며 독자적인 작업 세계를 구축해 왔다. 사물과 이미지, 텍스트에 얽힌 기억과 맥락을 추출해 재구성함으로써 관람자가 스스로를 되돌아보고 각자의 자화상을 떠올리도록 유도한다. 한국디자인진흥원 ‘차세대 디자인 리더’, 두산 연강예술상, 문화체육관광부 ‘오늘의 젊은 예술가상’을 수상했으며, 현재 국제갤러리 소속으로 독일 베를린에서 프로젝트 스페이스 ‘LOOM(룸)’을 운영하고 있다.
김 작가는 “KAIST 캠퍼스 안에 미술관이 조성된 점이 매우 의미 있게 다가왔다”며 “새롭게 공개되는 옥상 공간의 첫 전시에 참여하게 되어 뜻깊다. 이번 전시가 재학생들에게 예술을 경험하며 스스로를 돌아볼 수 있는 계기가 되길 바란다”고 전했다.
2024년 12월 개관한 KAIST 미술관은 그동안 1~2층 3개 전시실을 운영해왔으며, 최근 3층 내부 공사를 마무리해 총 7개(실내 5, 실외 2)의 전시실을 갖춘 규모 있는 미술관으로 거듭났다. 이번 전시는 개관 이후 처음 공개되는 옥상 공간(제6~7전시실)에서 열리는 첫 전시로, 미술관의 공간적 확장을 상징하는 자리다. 실내에서 실외로, 고정된 전시실에서 열린 하늘 아래로 확장된 이번 무대는 미술관이 지향하는 새로운 실험의 출발점이기도 하다.
석현정 미술관장(산업디자인학과장)은 “학과 후배이기도 한 김영나 작가를 KAIST에 소개하게 되어 매우 기쁘다”며 “디자인 언어를 바탕으로 한 독창적인 작품 세계가 미술관 전시를 한층 다채롭게 확장시킬 것”이라고 밝혔다.
이광형 총장은 “KAIST 졸업생이 세계적으로 활동하는 예술인으로 성장해 모교로 돌아온 것이 자랑스럽다”며 “이번 전시를 계기로 KAIST 미술관과 작가 모두가 한 단계 더 도약하는 계기가 되길 기대한다”고 말했다.
우리 대학은 故 정문술 회장의 미술관 건립 기금 및 작품 기증을 시작으로 사회 각계 인사와 예술가 및 유가족 등으로부터 꾸준히 작품을 기증받아왔다. 이번 김영나 작가의 설치 작품 또한 전시 종료 후 KAIST 미술관에 귀속되어 캠퍼스의 예술적 자산으로 남게 된다.
전시 ‘느슨한 시간(Oblique Time)’은 3일 오후 3시 개막해 8월 28일까지 일반에 무료로 공개된다. 관람 시간은 평일 오전 10시부터 오후 5시까지다.



​2026.03.03조회수463",https://news.kaist.ac.kr/news/html/news/?mode=V&mng_no=58830&skey=&sval=&list_s_date=&list_e_date=&GotoPage=1,N/A,kr
"늘려도 선명한 세계 최고 ‘스트레처블 OLED’ 구현늘이면 어두워지던 신축성 디스플레이의 한계를 넘어섰다. 공동연구진은 늘려도 밝기가 떨어지지 않는 세계 최고 수준의 신축성 유기 발광 다이오드(OLED, Organic Light Emitting Diode)를 구현했으며, 반복적인 신축 환경에서도 성능 안정성을 입증해 상용화 가능성을 크게 높였다.
우리 대학은 신소재공학과 조힘찬 교수 연구팀이 미국 시카고대학교, 중국 쑤저우대학교 연구진과 공동으로 늘어나도 전기가 끊기지 않는 새로운 전극 기술을 개발했다고 3일 밝혔다. 전극은 OLED에서 빛을 내기 위해 전기를 공급하는 핵심 부품이다. 연구팀은‘하이브리드 액체 금속 음극(전자를 공급하는 전극)’을 적용해 성능 저하 없는 차세대 신축성 OLED를 구현했다. 기존 신축성 OLED에서의 음극은 효율적인 전자 공급과 우수한 기계적 신축성을 동시에 만족하기 어려웠다.
연구팀의 해결책은 ‘액체 금속’이다. 연구팀은 머리카락 굵기의 수십 분의 일에 불과한 크기의 작은 액체 금속 입자들을 촘촘히 쌓은 뒤, 그중 표면에 있는 입자들만 터뜨려 하나로 이어진 매끄러운 금속층을 만들었다. 아래에는 여전히 작은 입자층이 남아 있어, 전기는 위의 금속층을 따라 안정적으로 흐르고, 아래층은 고무처럼 늘어날 때 충격을 흡수한다. 그 결과 금속처럼 전기는 잘 통하면서도 고무처럼 자유롭게 늘어나는 전극이 완성됐다. 화면을 늘려도 밝기가 줄어들지 않는 이유다.
이 기술을 적용한 신축성 OLED는 낮은 전압(3.0 V)에서도 빛이 켜지기 시작했으며, 9.5 V(볼트) 구동 시 최대 17,670 cd/m²(제곱미터당 칸델라*)의 높은 밝기를 기록했다. 이는 일반 스마트폰 디스플레이의 최대 밝기를 크게 상회하는 수준이다. 투입된 전류 대비 빛이 얼마나 나오는지를 나타내는‘전류 효율’역시 지금까지 보고된 신축성 OLED 가운데 세계 최고 수준(10.35 cd/A)으로, 같은 전류로 더 밝은 빛을 낼 수 있음을 의미한다.
*cd/m²(제곱미터 당 칸델라)는 화면이 얼마나 밝게 보이는지를 나타내는 국제 표준 단위로, 숫자가 클수록 더 강한 밝기를 의미한다.
특히 기존 신축성 OLED는 화면을 늘리면 전극이 손상되면서 밝기가 크게 감소하는 문제가 있었지만, 이번 기술은 신축 상태에서도 초기 밝기를 거의 그대로 유지했다. 기존 기술의 가장 큰 약점으로 지적되어 온 ‘신축 시 밝기 저하’ 문제를 크게 개선한 것이다.
또한 여러 차례 반복해 늘리고 줄이는 실험에서도 밝기와 전기적 성능이 안정적으로 유지됐다. 이는 옷처럼 입거나 피부에 부착해 움직이는 상황에서도 고장 없이 사용할 수 있음을 의미한다. 상용화에 중요한 내구성까지 확보한 셈이다.

이번 기술은 웨어러블 디스플레이를 비롯해 소프트 로봇, 전자 피부, 체내 삽입형 의료기기 등 차세대 유연 전자기기 분야 전반에 활용될 것으로 기대된다.
조힘찬 교수는 “신축성 디스플레이의 성능을 제한해 온 전극 소재의 근본적인 문제를 해결했다”며 “이번 하이브리드 액체 금속 음극 기술은 차세대 유연 전자소자의 핵심 기반 기술이 될 것”이라고 말했다.

이번 연구는 KAIST 신소재공학과 이원범 박사과정 학생이 제1 저자로 참여했으며, 해당 연구 결과는 국제 학술지 ‘어드밴스드 머터리얼즈(Advanced Materials)’에 2025년 12월 28일 자로 게재되었다. 연구의 우수성을 인정받아 해당 학술지의 인사이드 백 커버(Inside Back Cover) 논문으로 선정되는 성과를 거두었다.
※ 논문명: Hybrid Liquid Metal Cathode Enables High-Performance Intrinsically Stretchable OLEDs DOI: https://doi.org/10.1002/adma.202518254
한편, 이번 연구는 과학기술정보통신부/한국연구재단의 나노및소재기술개발사업 (기여도 50%), 선도연구센터지원사업, 차세대지능형반도체기술개발사업, 신진연구자 인프라지원 사업, 산업통상부의 산업혁신인재성장지원 사업의 지원을 받아 수행되었다.​2026.03.03조회수467",https://news.kaist.ac.kr/news/html/news/?mode=V&mng_no=58811&skey=&sval=&list_s_date=&list_e_date=&GotoPage=1,N/A,kr
"'뇌를 닮은 AI’ 개발.. 예측이 틀려도 한번 더 생각한다인공지능은 이제 바둑을 두고, 그림을 그리고, 사람처럼 대화까지 한다. 하지만 결정적인 차이가 있다. AI는 인간의 뇌보다 훨씬 많은 전기를 써야 작동한다는 점이다. 과학자들이 오랫동안 던져온 질문은 이것이다. “뇌는 어떻게 이렇게 적은 에너지로도 똑똑하게 학습할 수 있을까?”우리 대학 연구진이 그 답에 한 걸음 다가섰다.
우리 대학은 뇌인지과학과 이상완 교수 연구팀이 인간 뇌의 학습 원리를 딥러닝에 적용해, 깊은 인공지능 모델도 안정적으로 학습시키는 새로운 기술을 개발했다고 1일 밝혔다.
우리 뇌는 세상을 수동적으로 받아들이지 않는다. 현재 벌어지는 일을 단순히 인식하는데서 그치지 않고‘다음에 무슨 일이 일어날까?’를 먼저 예측하고, 실제 결과가 다르면 그 차이(오차)를 줄이는 방향으로 스스로를 수정한다. 바둑에서 상대의 다음 수를 예상했다가 빗나가면 전략을 바꾸는 것과 비슷하다. 이 같은 정보처리 방식을 ‘예측 부호화(Predictive Coding)’라고 한다.

과학자들은 이 원리를 AI에 적용하려 했지만, 난관이 있었다. 신경망이 깊어질수록 오차가 특정 부위에 몰리거나 아예 사라져 성능이 떨어지는 문제가 반복됐기 때문이다.
연구팀은 그 원인을 수학적으로 규명하고 새로운 해법을 제시했다. 핵심은 단순하다. AI가 결과만 예측하는 것이 아니라, ‘예측 오차가 앞으로 어떻게 변할지’까지 다시 예측하도록 만든 것이다. 연구팀은 이를 ‘메타 예측(Meta Prediction)’이라 설명한다. 쉽게 말해, ‘틀림을 한 번 더 생각하는 AI’다. 이 방식을 적용하자, 깊은 신경망에서도 학습이 멈추지 않고 안정적으로 진행됐다.

실험 결과도 인상적이다. 총 30가지 실험 중 29개에서, 현재 AI의 표준 학습법인 ‘역전파(Backpropagation)’보다 높은 정확도를 기록했다. 역전파는 AI가 ‘틀린 만큼 거꾸로 되돌아가며 고치는’ 현재의 대표적 학습 방법이다.
기존 AI 학습방식(역전파)는 모든 층이 서로 긴밀하게 연결돼 있어, 전체 네트워크를 한 번에 계산하고 한 번에 수정해야 하지만 이 방법은 이 방식은 뇌처럼 분산적·부분적으로 학습해도 큰 AI 모델을 잘 학습시킬 수 있음을 입증한 것이다.

이번 기술은 전력 효율이 중요한 뉴로모픽 컴퓨팅, 환경에 적응해야 하는 로봇 AI, 기기 내부에서 작동하는 엣지 AI 등 다양한 분야로 확장될 것으로 기대된다.
이상완 석좌교수는 “뇌의 구조를 단순히 모방한 것이 아니라, 뇌의 학습 원리 자체를 AI가 따르도록 만든 것이 이번 연구의 핵심”이라며 “뇌처럼 효율적으로 배우는 인공지능의 가능성을 열었다”고 말했다.
이번 연구는 하명훈 박사가 제1저자, 이상완 교수가 교신저자로 참여했으며, 인공지능 국제학회 ICLR 2026(International Conference on Learning Representations)에 채택돼 1월 26일 온라인 게재됐다.
※ 논문명: Stable and Scalable Deep Predictive Coding Networks with Meta Prediction Errors, 논문 원본: https://openreview.net/forum?id=kE5jJUHl9i¬eId=e6T5T9cYqO
본 연구는 과학기술정보통신부·정보통신기획평가원 디지털분야글로벌연구지원사업(마이크로소프트연구소 공동연구), 삼성전자 SAIT NPRC 사업, SW스타랩 사업의 지원을 받아 수행됐다.​2026.03.03조회수346",https://news.kaist.ac.kr/news/html/news/?mode=V&mng_no=58810&skey=&sval=&list_s_date=&list_e_date=&GotoPage=1,N/A,kr
"이상엽 연구부총장, 합성생물학 산학연 협력 이끈다우리 대학은 이상엽 특훈교수(연구부총장)가 한국합성생물학발전협의회(이하 발전협의회, Korea Synthetic Biology Association)의 초대 회장으로 선임됐다고 27일 밝혔다. 이번 선임은 발전협의회가 23일 개최한 2026년 제5회 정기총회에서 최종 인준됐다.
발전협의회는 합성생물학 분야의 정책·산업·연구 협력을 촉진하기 위해 설립된 전문 협의체로, 산·학·연·관을 아우르는 네트워크를 기반으로 국가 전략기술로서의 합성생물학 생태계 조성과 산업 경쟁력 강화를 지원하고 있다. 정책 제안, 국제 협력, 인력양성, 산업 활성화 등 다각적 활동을 통해 국내 합성생물학 기반 확산에 기여해 왔다.
이번 초대회장 선임을 통해 발전협의회는 단일 리더십 체제를 확립하고, ‘합성생물학육성법’시행에 발맞춘 실행 기반을 본격화하게 됐다.
이날 총회에서는 2025년도 사업성과 보고와 함께 차기 회장 인준 및 임원 선임 안건이 의결됐으며, 과학기술정보통신부 관계자도 참석해 협의회의 정책적 역할과 향후 추진 방향에 대한 기대를 밝혔다.
총회에서는 정관에 따라 이사회에서 선출된 이상엽 회장에 대한 인준이 최종 승인됐다. 이상엽 회장은 합성생물학 및 바이오 공학 분야를 선도해 온 세계적 연구자로, KAIST 연구부총장으로서 연구 혁신과 글로벌 협력 확대를 이끌어왔다. 이번 인준을 계기로 발전협의회는 중장기 전략 수립, 산업–연구 연계 강화, 글로벌 네트워크 확대를 아우르는 통합 리더십 체제를 본격 가동하게 됐다.

이상엽 회장은 “합성생물학은 국가 경쟁력을 좌우할 핵심 전략기술”이라며 “법과 제도의 취지가 연구와 산업 현장에서 실질적인 혁신으로 이어질 수 있도록 산·학·연·관이 긴밀히 협력하겠다”고 밝혔다.
아울러 이사회에서는 운영위원회 간사 이승구(한국생명공학연구원)를 비롯해 박한오(바이오니아), 김장성(한국생명공학연구원), 김동명(충남대학교), 오민규(고려대학교), 조병관(KAIST), 윤혜선(한양대학교), 이도헌(KAIST) 등 이사 및 외부 감사 선임을 함께 승인해 조직 운영의 책임성과 투명성을 강화했다.
이번 총회에서는 4월 23일 시행 예정인 ‘합성생물학육성법’과 이에 따른 시행령 입법예고 주요 내용도 공유됐다. 과학기술정보통신부는 법 시행에 앞서 위임사항을 구체화한 시행령을 마련하고 2월 23일부터 40일간 입법예고를 진행 중이다. 시행령에는 ▲합성생물학 육성 기본계획 및 연도별 시행계획 수립 절차 명확화 ▲연구거점 및 바이오파운드리 지정·운영 기준 마련 ▲안전관리 체계 및 점검 절차 구체화 등이 담겼다.
발전협의회는 시행령의 입법 취지가 산업·연구 현장에 실질적으로 구현될 수 있도록 분과별 실행 전략을 본격 추진할 계획이다.
정책제도분과는 기본계획 및 연도별 시행계획 수립 과정에 현장 의견이 반영될 수 있도록 정책 자문 기능을 강화하고, ‘KSBA Policy Insight 2026’보고서를 통해 합성생물학 발전 방향과 사회적 기반 구축 전략을 지속 제시할 예정이다.
융합분과는 데이터·AI·자동화 기반 연구체계를 고도화해 연구 신뢰성과 효율성을 동시에 확보하고, 융합기술 동향 보고서 발간과 워크숍 운영을 통해 기술 표준화 및 안전관리 역량 강화를 지원한다.
기술산업분과는 바이오파운드리 등 연구 인프라 지정·운영 기준에 부합하는 산업–연구 연계 모델을 구체화하고, 기업 협력 네트워크를 확대해 제도 시행이 기술 사업화와 제조 혁신으로 이어지도록 지원할 계획이다.
교육네트워크분과는 차세대 인재 발굴을 위한 경진대회(IDEA-B)를 준비하고, 안전·윤리 교육을 강화해 합성생물학 연구의 책임성과 전문성을 높일 예정이다. 또한 국제 협력을 확대해 국내 제도가 글로벌 규범과 조화를 이루도록 지원할 방침이다.
발전협의회는 이번 총회를 계기로 조직 운영의 안정성을 한층 강화하고, 정책·산업·연구를 연결하는 허브 기관으로서의 역할을 확대해 나갈 계획이다. 특히 이상엽 회장을 중심으로 한 단일 리더십 체제 아래 ‘합성생물학육성법’ 시행의 취지가 현장에 실질적으로 구현될 수 있도록 민관 협력의 가교 역할을 수행할 방침이다.
​2026.02.27조회수649",https://news.kaist.ac.kr/news/html/news/?mode=V&mng_no=58770&skey=&sval=&list_s_date=&list_e_date=&GotoPage=1,N/A,kr
"'딥테크 스케일업 밸리’ 본격 가동...피지컬 AI 실행 전략 공개우리 대학은 26일 대전 본원에서 ‘딥테크 스케일업 밸리사업 추진 보고회’를 개최하고, 로봇 중심으로 추진 중인 피지컬AI 전략과 실행 구조를 공개했다고 27일 밝혔다.
딥테크 스케일업 밸리 육성사업은 과학기술정보통신부, 대전광역시, KAIST가 공동으로 추진하는 사업으로, KAIST는 2025년부터 3년 6개월간 총 136억 5천만 원 규모의 사업비를 확보했다. 본 사업은 KAIST의 로봇 분야 딥테크 기술을 사업화해 로봇 혁신 생태계를 구축하는 것을 목표로 한다. 주관기관인 KAIST(총괄 김정 교수)를 중심으로 카이스트홀딩스, 대전테크노파크, 대전창조경제혁신센터, 엔젤로보틱스, 유로보틱스 등이 참여하는 로봇 얼라이언스를 구성했다.
본 사업은 기술사업화, 딥테크 R&D, 상용화 스케일업의 3축 체계를 기반으로 선순환 생태계를 조성하고 미래 유니콘 기업을 육성하는 것을 목표로 한다. 1차년도(2025년)에는 Physical AI 강연, 스타트업 피칭, 투자 네트워킹 등을 추진해 기술이전 및 투자 유치 230억 원의 성과를 거뒀다.
피지컬AI는 로봇과 인공지능을 결합해 현실 세계에서 스스로 판단하고 행동하는 기술로, 차세대 산업의 핵심 분야로 주목받고 있다. 정부 R&D와 대기업 투자, 스타트업 창업이 빠르게 늘고 있지만, 실제 산업 현장에서 실행 가능한 사업 모델로 이어진 사례는 제한적이라는 지적이 제기돼 왔다.
이번 보고회는 피지컬AI를 단순한 AI 기술 경쟁이 아닌 ‘산업 구조의 문제’로 재정의했다는 점에서 의미가 있다. 연구개발, 산업 현장, 투자 생태계가 유기적으로 연결되지 않으면 상용화가 어렵다는 점을 강조했다.
특히 피지컬AI가 산업 현장에 적용되기 위해서는 가상 환경을 넘어 실제 산업 현장에서 생성된 ‘의미 있는 데이터’가 필요하다고 밝혔다. 제조 공정 등에서 숙련된 전문가와 협력해 신체 감각과 판단이 반영된 데이터를 축적하고, 로봇이 전문가의 작업을 방해하지 않는 구조 속에서 지속적으로 상호 협력할 수 있는 실행 체계를 구축해야 한다는 설명이다.
공경철 KAIST 기계공학과 교수는 “이제는 Physical AI의 혼재된 개념을 정리하고, 누구나 활용할 수 있는 구체적인 플랫폼을 만드는 것이 중요하다”고 말했다. 이어 “가상환경에서 학습한 인공지능이 실제 로봇과 현실 환경에서도 그대로 잘 작동하려면, 가상세계의 기술 정확도가 높아져야 할 뿐 아니라 현실 세계의 물리적 변수도 예측 가능하고 안정적으로 관리돼야 한다”고 설명했다. 쉽게 말해, 가상에서 배운 로봇이 현실에서도 그대로 실력을 발휘하게 만드는 기술이 필요하다는 뜻이다.
명현 KAIST 전기및전자공학부 교수는 “AI 분야에서도 물리 법칙을 학습 과정에 반영하는 물리정보신경망(Physics-Informed Neural Network) 연구가 활발히 진행되고 있다”며 “피지컬AI의 완성은 실제 물리 시스템을 이해하는 하드웨어 연구자와 이를 학습 구조에 구현하는 AI 연구자가 유기적으로 결합할 때 가능하다”고 강조했다. 이어 “단순히 데이터를 많이 학습하는 것을 넘어, 현실 세계의 물리 원리를 이해하는 AI가 필요하다”고 덧붙였다.
우리 대학은 이러한 실행 구조를 기반으로 연구자, 산업 현장 전문가, 기업을 연결하는 명확한 가치사슬(Value Chain)을 구축할 계획이다. 이를 통해 피지컬AI를 연구실 데모 수준을 넘어 실제 산업 문제를 해결하는 기술로 확장한다는 전략이다. 즉, 피지컬 AI를 실험실 시연을 넘어 실제 산업 현장에 적용하는 것이 목표다.
김정 KAIST 기계공학과 학부장은 “이제는 데이터의 양으로 경쟁하는 시대를 넘어 실제 물리 세계에서 AI를 어떻게 실행할 것인지 고민해야 할 때”라며 “KAIST의 구체적인 준비와 실행 전략을 바탕으로 스타트업과 기업이 피지컬AI 사업화에 성공하도록 지원하겠다”고 밝혔다.
한편, 딥테크 스케일업 밸리사업은 향후 피지컬AI 플랫폼 구축, 스타트업 발굴 및 투자 확대, 실증 테스트베드 구축, 글로벌 로봇 기업과의 협력 네트워크 확대 등을 단계적으로 추진할 계획이다.​2026.02.27조회수440",https://news.kaist.ac.kr/news/html/news/?mode=V&mng_no=58750&skey=&sval=&list_s_date=&list_e_date=&GotoPage=1,N/A,kr
"산업디자인학과, 로쏘(주)성심당과 ‘디자인 교육 및 연구 협력’ 위한 MOU 체결우리 대학 산업디자인학과는 2026년 2월 24일, 로쏘(주)성심당과 산학협력을 위한 양해각서(MOU)를 체결했다. 이번 협약은 각 분야의 독보적인 창의력과 기술력을 결합하여 상호 성장을 도모하고, 나아가 문화 산업 디자인 혁신을 주도할 협력체제를 구축하고자 추진되었다. 
KAIST 산업디자인학과에서 개최된 협약식에는 학과장 석현정 교수 외 교수진 11명과 로쏘(주)성심당 임선 이사 외 관계자 3명이 참석했다. 양 기관은 이번 협약을 통해 ▲AI 및 미래 기술을 접목한 디자인ㆍ콘텐츠ㆍ서비스 아이디어 공동 연구 ▲브랜드ㆍ고객ㆍ운영 전반의 데이터 관리 체계 고도화 ▲데이터 기반의 전략적 의사결정을 위한 연구 등을 주요 내용으로 긴밀한 협력을 이어갈 계획이다. 
양 기관은 정기적인 협의체 운영과 공동 프로젝트를 통해 문화 산업의 디자인 혁신을 선도하고, 산업 간 경계를 허무는 새로운 협업 모델을 지속적으로 선보일 것으로 기대된다. ​2026.02.26조회수771",https://news.kaist.ac.kr/news/html/news/?mode=V&mng_no=58670&skey=&sval=&list_s_date=&list_e_date=&GotoPage=1,N/A,kr
"3대 이어진 ‘기부 DNA’가 ‘KAIST DNA’를 만나다우리 대학은 한 가문의 숭고한 나눔 정신이 담긴 50억 6천만 원의 발전기금을 전달받았다고 26일 밝혔다. 이번 기부는 할머니의 유산을 바탕으로 아버지가 기부를 결심하고, 그 뜻을 딸이 실행에 옮기며 3대에 걸쳐 완성된 사례로 더욱 의미를 더한다.
기부자는 “기부자의 이름보다 KAIST 젊은 과학자의 연구 성과가 빛나기를 바란다”고 밝히며, 자신의 이름이 드러나는 약정식이나 예우 행사 등을 모두 사양했다. 기부자의 뜻에 따라 모든 절차는 간소하게 진행됐으며, 신원 역시 공개하지 않기로 했다.
서울에 거주하는 70대 기부자는 생전 나눔을 실천해 온 어머니의 유산을 바탕으로 사업을 일궈 성공을 거두었다. 최근 그는 어머니의 유산 일부를 사회에 환원하기로 결심했다.
평생 베풂을 실천한 어머니의 모습을 보고 자란 그에게 기부는 자연스러운 선택이었다. 그리고 그 결심은 딸이 구체적인 실행으로 완성했다. 기부자의 딸은 기부 진행 전 과정에 주도적으로 참여하며 가문의 나눔 정신을 다음 세대로 잇는 역할을 했다.
기부자는 “어머니께서 평생 실천하신 나눔이 우리 가문의 가장 큰 자산이었다”며 “이제는 제 딸과 함께 그 소중한 가치를 대한민국 과학의 주역들에게 전달하고자 한다”고 밝혔다. 이어 “이 기금이 젊은 석학들에게 실질적인 도움이 된다면 그것만으로 충분히 보람된 일”이라고 소회를 전했다.
우리 대학은 기부자의 어머니 이름을 딴 ‘조기엽 차세대 연구리더 펠로우십’을 조성하기로 했다. ‘조기엽 펠로우십’은 원금 50억 원을 보전하고, 운용 수익으로 사업을 운영하는 원금 보전형 기금으로 설계됐다. 또한 기부자는 “하루라도 빨리 젊은 과학자들을 지원하고 싶다”는 뜻을 담아 첫해 사업 시행을 위해 6천만 원을 추가로 기탁했다.
이에 따라 올해부터 매년 3명의 ‘조기엽 펠로우’를 선정해 연간 2천만 원씩 3년간 학술활동비를 지원할 예정이다.
펠로우십 지원 대상은 정년보장 전 조교수 및 부교수급 신진 교원이다. 이 시기는 연구 역량이 폭발적으로 성장하고 혁신적 성과가 집중적으로 창출되는 ‘골든타임’이지만, 동시에 안정적 연구비 확보가 절실한 시기이기도 하다.
지원금은 도전적 연구 기획, 국제 학술 활동, 연구 인프라 확충 등 연구 자율성과 확장성을 높이는 데 활용될 예정이다. KAIST는 이번 펠로우십이 젊은 연구자의 세계적 도약을 뒷받침하는 실질적 기반이 될 것으로 기대하고 있다.​2026.02.26조회수488",https://news.kaist.ac.kr/news/html/news/?mode=V&mng_no=58652&skey=&sval=&list_s_date=&list_e_date=&GotoPage=2,N/A,kr
"롯데그룹 신동빈 회장 명예박사 학위 수여우리 대학은 25일 대전 본원에서 신동빈 롯데그룹 회장에게 명예경영학 박사학위를 수여했다고 26일 밝혔다.
명예경영학 박사학위를 받은 신동빈 회장은 급변하는 글로벌 경영 환경 속에서 기업의 지속가능한 성장을 이끌어 온 대한민국을 대표하는 기업인이다. 신 회장은 롯데그룹 회장으로서 전통적인 유통·소비재 중심의 사업 기반을 안정적으로 고도화하는 한편, 화학·소재, 친환경 에너지, 디지털 전환 등 미래 경쟁력을 좌우할 핵심 분야에 전략적 역량을 집중해 왔다.
우리 대학은 “신동빈 회장은 기업의 성과가 사회와 분리될 수 없다는 인식 아래 환경·사회·지배구조(ESG)를 경영의 핵심 축으로 삼아 책임 있는 경영을 실천해 왔다”며 “과학기술을 기반으로 한 산업 전환과 사회적 가치 창출을 제도와 실행으로 구체화해 온 점을 높이 평가해 명예박사 학위를 수여했다”고 밝혔다. 아울러 기술 혁신의 성과가 사회와 사용자에게 실질적으로 확산되는 과정의 중요성을 경영 전략에 반영해 온 점도 이번 수여 결정의 배경으로 꼽았다.
신동빈 회장은 KAIST와의 산학협력을 통해 과학기술 연구 인프라 조성과 융합 연구 기반 구축에 기여해 왔다. 롯데그룹은 KAIST에 140억 원 규모의 발전기금을 출연해 ‘LOTTE–KAIST R&D센터’와 ‘LOTTE–KAIST 디자인센터’를 설립했으며, 이를 통해 탄소중립 기술, 바이오 지속가능성, 에너지·소재, 헬스케어 등 미래 사회가 요구하는 핵심 분야에서 다학제 융합 연구가 이루어질 수 있는 기반을 마련했다.
특히 이러한 협력은 연구 인프라 구축과 중장기 연구 아젠다 설정, 연구 성과의 산업·사회 확산을 연계하는 실행형 산학협력 모델로 평가받았다. R&D센터를 중심으로 한 기술 연구와 더불어, 디자인센터는 연구 성과가 사회와 사용자에게 전달되는 과정에 주목해 기술 연구의 사회적 활용 가능성을 확장하는 역할을 수행해 왔다. 이는 KAIST의 연구 경쟁력 강화와 함께 연구 성과가 사회적 가치로 확산되는 선순환 구조를 구축하는 데 기여했다.
신동빈 회장은 ""산학협력을 통한 기술과 경영의 융합은 더 이상 선택이 아닌 생존 전략이 되었다""며, ""롯데와 KAIST는 미래를 함께 설계하는 혁신 파트너로서 우리의 동행이 세상을 이롭게 바꾸는 혁신으로 이어지길 기원한다""고 말했다.

이광형 총장은 “신동빈 회장은 과학기술과 산업, 사회적 가치를 연결하는 책임 있는 경영을 통해 기업의 새로운 역할을 제시해 온 인물”이라며 “KAIST와의 산학협력을 통해 연구 인프라 확충과 융합 연구 기반 구축에 기여한 공로를 높이 평가해 명예경영학 박사학위를 수여했다”고 밝혔다.​2026.02.26조회수457",https://news.kaist.ac.kr/news/html/news/?mode=V&mng_no=58651&skey=&sval=&list_s_date=&list_e_date=&GotoPage=2,N/A,kr
"AI로 ‘수소차 심장’ 설계...차세대 ‘슈퍼 촉매’ 개발기후 위기 시대, 수소차는 친환경 모빌리티의 대안으로 떠오르고 있다. 그러나 ‘수소차의 심장’인 연료전지는 여전히 높은 가격과 짧은 수명이라는 한계를 안고 있다. 핵심 원인은 백금 촉매다. 전기를 만드는 결정적 물질이지만 반응은 느리고, 시간이 지날수록 성능이 떨어지며, 제조 비용도 높다. 한국 연구진이 이 난제를 풀 실마리를 제시했다.
우리 대학은 신소재공학과 조은애 교수 연구팀이 서울대학교(총장 유홍림) 화학생물공학부 이원보 교수팀과 함께 인공지능(AI)으로 촉매의 ‘원자 배열’경향을 예측하는 기술을 개발했다고 26일 밝혔다.
이 기술은 마치 퍼즐을 맞추기 전 어떤 조합이 퍼즐 완성에 유리한지 미리 계산해 보는 것과 같다. AI가 금속 원자들의 배열 속도를 먼저 계산해 줌으로써, 더 성능이 좋은 촉매를 효율적으로 설계할 수 있게 된 것이다. 이번 연구의 핵심은 ‘AI가 아연이 백금-코발트 원자 배열에 결정적 역할을 한다는 사실을 밝혀냈다’는 점이다.

기존의 백금-코발트(Pt-Co) 합금 촉매는 높은 성능에도 불구하고, 원자들이 규칙적으로 배열된 ‘금속간화합물(L1₀)’ 구조를 만들기 위해서는 매우 높은 온도의 열처리가 필요했다. 이 과정에서 입자가 뭉치거나 구조가 불안정해져 실제 연료전지 적용에는 한계가 있었다.
연구팀은 이 문제를 해결하기 위해 머신러닝 기반 양자화학 시뮬레이션을 도입했다. AI를 통해 촉매 내부에서 원자들이 어떻게 움직이고 배열되는지를 정밀하게 예측했다.
그 결과, 아연(Zn)이 원자 배열을 촉진하는 매개 원소로 작용한다는 사실을 발견했다. 아연을 도입하면 원자들이 제자리를 더욱 쉽게 찾아, 보다 정교하고 안정적인 구조가 형성되는 원리다. 즉, AI가 ‘원자 배열이 만들어지는 최적의 경로’를 먼저 찾아낸 셈이다.

AI 예측을 바탕으로 실제 합성한 아연-백금-코발트 촉매는 기존 백금 촉매 대비 더 높은 활성과 뛰어난 장기 내구성을 동시에 확보했다. 이는 인공지능이 계산한 ‘가상의 설계도’가 실제 실험실에서 고성능 촉매로 구현될 수 있음을 입증한 사례다.
특히 이번 기술은 수소 승용차, 장거리 운행이 필요한 수소 트럭, 수소 선박, 에너지 저장 시스템(ESS) 등 탄소중립 핵심 산업 전반에서 촉매 수명 연장과 제조 비용 절감에 기여할 것으로 기대된다.

조은애 교수는 “이번 연구는 머신러닝을 활용해 촉매의 원자 배열 경향을 사전에 예측하고 이를 실제 합성으로 구현한 사례”라며, “AI 기반 소재 설계가 차세대 연료전지 촉매 개발의 새로운 패러다임이 될 것”이라고 밝혔다.
이번 연구에는 KAIST 신소재공학과 장현우 박사과정과 서울대학교 화학생물공학부 류재현 박사가 공동 제1저자로 참여했다. 연구 결과는 에너지 소재 분야의 세계적 학술지 ‘어드밴스드 에너지 머티리얼즈(Advanced Energy Materials)’에 2026년 1월 15일 자로 게재됐다.
※ 논문명: Machine Learning-Guided Design of L1₀-PtCo Intermetallic Catalysts: Zn-Mediated Atomic Ordering, DOI: https://doi.org/10.1002/aenm.202505211
본 연구는 한국연구재단 나노 및 소재기술개발사업과 한국에너지기술평가원 에너지인력양성사업의 지원을 받아 수행됐다.​2026.02.26조회수486",https://news.kaist.ac.kr/news/html/news/?mode=V&mng_no=58650&skey=&sval=&list_s_date=&list_e_date=&GotoPage=2,N/A,kr
"김재철AI대학원, 제조 AI 실무 인재 양성·산학 협력 본격화우리 대학 김재철AI대학원은 국내 제조 산업의 인공지능(AI) 확산을 이끌 실무 인재 양성과 산학 네트워킹 활성화에 나서고 있다.
김재철AI대학원 성남연구센터는 제조 기업의 AI 도입 장벽을 낮추고 실질적인 기술 확산을 도모하기 위해 ▲실무자 양성 교육과 ▲기술 네트워킹 행사를 연계한 통합 지원 프로그램을 운영하고 있다.
우선, 지난 1월 27일부터 시작된 AI 팩토리 전환 실무자 양성과정은 제조 현장에 즉시 투입 가능한 AI 전문 인력을 길러내는 것을 목표로 한다. 현재 진행 중인 1단계 기초 AI 과정은 향후 제조 AI로 확장 가능한 핵심 이론과 실습 역량을 체계적으로 다지는 단계로, 실무 적용을 위한 기반 역량을 집중적으로 강화하며 높은 호응을 얻고 있다.
주관 측은 이번 기초 과정을 시작으로, 올해 상반기 중 ▲제조 AI 주요 태스크를 다루는 2단계 제조 AI 응용 과정과 ▲기업 실제 데이터를 기반으로 문제를 해결하는 3단계 기업 맞춤형 프로젝트 과정을 순차적으로 개설할 예정이다. 이를 통해 단발성 교육이 아닌, 기초 역량 확보부터 현장 적용형 심화 프로젝트까지 이어지는 단계별 로드맵을 제공한다는 계획이다.
이와 더불어, KAIST는 제조 AI 분야의 최신 기술 트렌드를 공유하고 현장의 애로사항을 해결하기 위한 ‘AI팩토리 커넥트 데이 2026’를 2월 25일(수) 서울 한국과학기술회관에서 성황리에 개최하였다.

AI팩토리 커넥트 데이 2026는 제조 기업 실무자와 AI 전문가를 연결해 지속적인 기술 협업을 도모하는 네트워킹 행사로 기획되었다. 이번 행사에서는 ▲크라우드웍스 양수열 CTO의 ‘Agentic AI로 가는 길: 산업형 AI 에이전트 전략’ ▲KAIST 이종석 교수의 ‘제조 AI 모델 학습에서의 데이터 한계와 대응 방법’ ▲(주)인이지 유보선 기술이사의 ‘인공지능의 제조 공정 적용’ 등 업계 전문가들의 초청 강연이 진행되었으며, 제조 현장에서의 AI 적용 전략과 단계적 도입 방안에 대한 논의가 이루어졌다.
특히 기술 세미나에 이어 진행된 ‘1:1 기술 상담’ 프로그램에서는 제조 AI 솔루션 개발 지원센터 자문단이 참여해, AI 도입을 고민하는 기업들의 현재 수준을 진단하고 향후 추진 방향과 준비 과제를 함께 모색하는 자리를 마련했다. 이를 통해 참가 기업들이 자사 여건에 맞는 AI 도입 로드맵을 구체화하는 계기를 제공했다.
이번 프로그램은 정부와 민간이 함께 ‘2030 제조 AI 최강’ 도약을 목표로 출범한 AI 팩토리 M.AX 얼라이언스의 생태계 확산을 뒷받침하기 위해 추진되었다. KAIST는 M.AX 얼라이언스의 주요 참여 기관으로서, 체계적인 AI 교육을 통해 산업 수요에 부합하는 전문 인력을 양성하고 이를 현장에 연계·확산하는 역할을 수행하고 있다. 아울러 AI팩토리 커넥트 데이 2026를 통해 AI 도입을 희망하는 수요기업과 기술 역량을 보유한 공급기업 간의 교류를 활성화하며, 제조 AI 확산을 위한 핵심 가교로 자리매김해 나갈 계획이다.
본 성과는 '제조AI 솔루션 개발 지원센터'를 통해 산업통상자원부 및 경기도, 성남시의 지원을 받아 추진되었다.​2026.02.26조회수258",https://news.kaist.ac.kr/news/html/news/?mode=V&mng_no=58630&skey=&sval=&list_s_date=&list_e_date=&GotoPage=2,N/A,kr
"“KAIST에서 만나자” 약속 지킨 신입생, 2026학년도 입학식 개최우리 대학은 25일 오전 10시 대전 본원 대강당에서 2026년도 학사과정 입학식을 개최한다고 밝혔다. 대한민국 과학기술의 미래를 이끌 신입생들이 힘찬 첫걸음을 내딛는 자리다.
이광형 총장은 환영사에서 “KAIST는 실패를 두려워하지 않는 도전과 질문을 멈추지 않는 탐구 정신 위에 성장해 온 대학”이라며 “마음껏 도전하고, 넘어지더라도 다시 일어나 세상에 없던 새로운 길을 개척하길 바란다”고 강조할 계획이다.
이어 인공지능과 디지털 전환이 이끄는 거대한 변화의 시대에 과학기술 인재의 역할이 그 어느 때보다 중요하다고 밝히며, 협력과 소통을 바탕으로 인류와 사회에 기여하는 책임 있는 과학기술인으로 성장해 달라고 당부할 예정이다. 또한 “KAIST는 여러분의 도전이 현실이 되도록 아낌없이 지원하겠다”고 덧붙일 예정이다.
올해로 40번째 신입생을 맞이하는 이번 입학식에는 신입생과 학부모, 내빈 등 1,500여 명이 참석해 새로운 출발을 함께 축하한다.
신입생 대표로 연단에 오르는 신준섭 학생의 연설은 ‘약속’으로 시작된다. 그는 3년 전 방위산업 포럼에서 이광형 총장으로부터 들은 “KAIST에서 만나자”는 한마디가 막연한 미래가 아닌 분명한 목표가 됐다고 밝힐 예정이다.

과학기술이 국가 경쟁력을 좌우하는 시대 속에서 자신의 역할을 고민해 온 그는, 안정적인 선택 대신 ‘소형 드론 탐지 기술’이라는 도전적인 연구를 택했다. 수차례 실패와 좌절, 주변의 만류 속에서도 약속을 되새기며 연구를 이어갔고, 끝내 기술적 돌파구를 마련해 국제 학회의 주목을 받았다.
신 학생은 “약속을 지킨다는 것은 넘어지지 않는 것이 아니라, 넘어져도 다시 일어나는 것임을 배웠다”고 전하며, KAIST에서의 새로운 시작 역시 두려움 없는 도전의 여정이 될 것이라고 다짐할 예정이다.

이날 행사에서는 ‘미래 AI 시대를 위한 새롭고 혁신적인 아이디어’를 주제로 한 KAIST AI Future Challenge도 소개된다. KAIST 학생이라면 누구나 개인 또는 팀으로 참여할 수 있으며, 창의적이고 실현 가능한 아이디어로 미래 사회 문제 해결에 도전한다. 수상팀은 오는 5월 ‘교육혁신의 날’ 행사에서 시상한다.
입학식 이후에는 대학 생활의 첫걸음을 돕는 오리엔테이션이 이어진다. 새내기 프로그램 안내를 비롯해 단체생활 준수사항, 정신건강 서비스, 폭력 예방 및 안전 교육 등 필수 교육이 진행되며, 신입생들의 안정적인 학업·연구 적응을 지원한다.
이어 2박 3일간 열리는 ‘새내기 새로배움터’에서는 동아리 공연과 박람회, 캠퍼스 투어, 환영 방송제 등 다채로운 프로그램이 펼쳐진다. 신입생들은 KAIST의 문화를 직접 체험하고 선·후배 및 동기들과 교류하며 대학 생활의 비전을 구체화하게 된다.​2026.02.25조회수695",https://news.kaist.ac.kr/news/html/news/?mode=V&mng_no=58570&skey=&sval=&list_s_date=&list_e_date=&GotoPage=2,N/A,kr
"‘꿈의 배터리’ 리튬금속 배터리 상용화 난제 풀었다전기차 시대가 본격화되면서 더 멀리, 더 오래 달릴 수 있는 배터리에 대한 요구가 커지고 있다. 기존 리튬이온(Lithium-ion) 배터리의 용량 한계를 뛰어넘을 차세대 기술로 리튬금속(Lithium Metal) 배터리가 주목받고 있지만, 충전 과정에서 바늘 모양 결정 ‘덴드라이트’가 자라 수명을 단축시키고 화재 위험까지 높이는 문제가 상용화의 최대 걸림돌로 지적돼 왔다. 한국 연구진이 이 난제를 해결할 핵심 기술을 개발했다.

우리 대학은 생명화학공학과 최남순 교수팀과 신소재공학과 홍승범 교수팀, 고려대학교(총장 김동원) 곽상규 교수팀이 협력해 리튬금속 배터리의 가장 큰 난제인 ‘계면 불안정성’을 전자 구조 수준에서 해결하는 기술을 개발했다고 24일 밝혔다.
계면 불안정성은 충·방전 과정에서 전극과 전해질이 맞닿는 경계면이 고르게 유지되지 못하는 현상이다. 이로 인해 리튬이 바늘처럼 자라나는 덴드라이트가 형성되고, 이는 배터리 수명 저하와 내부 단락, 화재 위험으로 이어진다. 리튬금속 배터리 상용화를 가로막아 온 근본 원인이다.
연구팀은 배터리 전해질에 ‘티오펜(Thiophene)’을 첨가해 전극 표면에 리튬 이온이 안정적으로 이동할 수 있는 ‘지능형 보호막’을 구현했다. 이 보호막은 전자 구조가 스스로 재배열되는 특징을 갖는다.

마치 교통량에 따라 차로를 조정하는 스마트 교통 시스템처럼, 리튬 이온이 이동할 때마다 보호막 내부의 전하 분포가 유연하게 변하며 최적의 통로를 만들어준다. 연구팀은 밀도범함수이론(DFT) 시뮬레이션을 통해 이를 규명했으며, 기존 상용 첨가제보다 훨씬 뛰어난 안정성을 확인했다.

그 결과, 고속 충전 환경에서도 덴드라이트 성장을 효과적으로 억제하고 배터리 수명을 크게 늘리는 데 성공했다.
또한 연구팀은 실시간 원자간력 현미경(In-situ AFM)을 활용해 나노미터 수준에서 배터리 내부를 직접 관찰했다. 높은 전류 조건에서도 리튬이 표면에 균일하게 쌓이고 제거되는 것을 확인해 기계적 안정성까지 입증했다.

이번 기술은 리튬 인산철(LiFePO4), 리튬 코발트 산화물(LiCoO2), 리튬 니켈-코발트-망간 산화물 (LiNixCoyMn1-x-yO2) 등 현재 널리 쓰이는 다양한 배터리 양극 소재에 사용할 수 있다. 이는 특정 배터리 유형에 한정되지 않고 기존 전기차 배터리 시스템 전반에 폭넓게 적용 가능해, 산업 전반에 미칠 파급효과가 클 것으로 기대된다.
이번 성과는 리튬금속 배터리 상용화를 가로막던 최대 장벽인 초고속(12분 내 빠른 충전과 8mA/cm2 이상*의 고전류 구동을 동시 구현) 충전 문제를 근본적으로 해결할 수 있는 돌파구를 제시했다는 점에서 큰 의미가 있다. 초장거리 전기차는 물론 도심 항공 모빌리티(UAM), 차세대 고밀도 에너지 저장 시스템 등 고성능 배터리가 필요한 다양한 미래 산업 분야에 활용될 것으로 기대된다.
* 8mA/cm2 이상: 배터리 전극 1cm2 면적당 8mA(밀리암페어)의 전류가 흐르는 수준을 의미한다. 리튬금속 배터리 연구 분야에서는 통상 ~4mA/cm2 만으로도 ‘고전류’ 조건으로 평가되며, 이 조건은 이보다 2배 이상 높은 구동 환경에 해당한다. 이는 전기차의 고속 충전 및 급가속이나 고출력 주행과 같은 실제 사용 조건에 근접한 수준임

최남순 교수는 “이번 연구는 단순한 소재 개선이 아니라 전자 구조를 설계해 배터리의 근본 문제를 해결한 성과”라며 “고속 충전과 긴 수명을 동시에 구현하는 차세대 전기차 배터리의 핵심 기반 기술이 될 것”이라고 밝혔다.
이번 연구에는 KAIST 최남순 교수, 홍승범 교수, 이정아 연구원, 조윤한 연구원이 공동 제 1 저자로 참여했으며, 재료·에너지 분야 세계적 학술지 ‘인포맷(InfoMat)’에 2월 2일 게재됐다.
※논문 제목: Conjugation-mediated and polarity-switchable interfacial layers for fast cycling of lithium-metal batteries, DOI: http://doi.org/10.1002/inf2.70126
한편, 본 연구는 현대자동차와 한국연구재단 중견연구사업의 지원을 받아 수행됐다.​2026.02.24조회수885",https://news.kaist.ac.kr/news/html/news/?mode=V&mng_no=58550&skey=&sval=&list_s_date=&list_e_date=&GotoPage=2,N/A,kr
"‘AI 시대의 대학교육 재설계 워크숍 ’개최우리 대학은 생성형 AI 확산이 가져온 대학 교육의 근본적 변화에 대응하기 위해 23일 대전 KAIST 본원 학술문화관(E9) 2층 양승택 오디토리움에서 ‘AI 시대, 대학교육의 재설계 워크숍’을 개최한다고 밝혔다.
이광형 총장은 이번 워크숍의 취지에 대해 “생성형 AI 시대에 대학은 무엇을 가르쳐야 하는지 다시 답해야 할 때”라며, “이제는 ‘무엇을 아는가(What to know)’가 아니라 ‘어떻게 생각하는가(How to think)’를 기르는 교육으로 전환해야 한다”고 강조했다. 또한 “문제를 정의하고 스스로 판단하는 역량이 대학 교육의 핵심이 되어야 한다”고 밝혔다.
이번 행사는 KAIST 국가미래전략기술 정책연구소(소장 김용희)가 주관하며, AI 시대 대학의 역할과 책임을 재정립하기 위해 마련됐다.
워크숍에서는 KAIST 교무처장과 교수진이 AI 시대 교육 변화 방향을 발표하고, UNIST 교수가 참여하는 패널 토론을 진행한다. 또한 학생과 시민이 자유롭게 참여하는 ‘럼프 세션(Rump Session)’을 통해 AI 전환(AX) 시대에 개인이 무엇을 배우고 어떻게 준비해야 하는지 폭넓게 논의할 예정이다.
홍승범 KAIST 교무처장은 지식 검색과 요약, 정형 문제 해결 등 기존 학습 활동의 상당 부분이 AI로 대체되고 있다고 진단하며, 앞으로는 문제 정의 능력, 비판적 사고, 공감과 소통, 윤리적 책임, 창의적 통합 역량이 더욱 중요해질 것이라고 강조한다. 특히 AI를 활용하되 과도한 의존을 경계하는 ‘인지적 주체성’과 변화에 빠르게 적응하는 ‘학습 민첩성’을 미래 인재의 핵심 역량으로 제시한다.
백형렬 수리과학과 교수는 AI가 인간의 사고를 대체하는 방식과 확장하는 방식을 구분하고, ‘문제 정의–도구 개발–결론 도출’의 균형이 중요하다고 설명한다. 하버드대와 옥스퍼드대 등 해외 대학 사례도 함께 소개할 예정이다.
김주호 전산학부 교수는 AI 활용이 효율성을 높이지만 반드시 학습으로 이어지지는 않는다는 점을 짚으며, ‘AI 네이티브 세대’를 위한 세 가지 학습 조건 ― 도전(Challenge), 인지적 복잡성(Complexity), 맥락적 연결(Connection) ― 을 제안한다.
성민혁 전산학부 교수는 스탠퍼드대의 사례를 통해 대학 교육이 빠르게 AI 활용 중심으로 전환되고 있음을 소개하면서도, 기초 사고 역량 약화에 대한 우려를 함께 제기한다.
이광형 총장은 “AI 시대 대학의 역할은 지식 전달이 아니라 인간만의 사고와 판단을 기르는 것”이라며, “KAIST는 인간 사고의 지속가능성을 중심에 둔 교육 모델을 선도하겠다”고 밝혔다.
김용희 소장은 “이번 워크숍은 AI 시대 대학이 어떤 인재를 길러야 하는지 묻는 자리”라고 강조했다.
이번 행사는 KAIST 구성원뿐 아니라 일반 시민도 참여할 수 있으며, 별도의 사전 등록 없이 온·오프라인으로 참석 가능하다. 행사는 KAIST 공식 유튜브 채널을 통해 중계될 예정이다.
※ KAIST 유튜브 채널: https://www.youtube.com/@KAISTofficial/streams
※ 온라인(Zoom) 참석: https://kaist.zoom.us/j/81427470346​2026.02.23조회수344",https://news.kaist.ac.kr/news/html/news/?mode=V&mng_no=58510&skey=&sval=&list_s_date=&list_e_date=&GotoPage=2,N/A,kr
"다크나잇 속 조커가 ‘내가 되는’ 기술 개발만약 영화 다크나잇을 보면서 화면 속 조커를 바라보는 것이 아니라, 내가 조커가 되어 고담시를 직접 바라본다면 어떨까. 관객의 시선이 아닌 등장인물의 눈으로 세상을 경험하는 영상 기술이 현실이 되고 있다. 우리 대학 연구진이 일반 영상만으로도 사용자가 직접 보는 시점의 영상을 생성하는 새로운 인공지능 모델을 개발했다.
으리 대학은 김재철AI대학원 주재걸 석좌교수 연구팀이 관찰자 시점의 영상만을 활용해 영상 속 인물이 실제로 보고 있었을 장면을 정밀하게 생성하는 인공지능 모델 ‘에고엑스(EgoX)’를 개발했다고 23일 밝혔다.
최근 증강현실(AR), 가상현실(VR), AI 로봇 기술이 빠르게 발전하면서 ‘내가 직접 보는 장면’을 그대로 담은 1인칭 시점 영상(Egocentric video)의 중요성이 커지고 있다. 그러나 고품질의 1인칭 영상을 얻기 위해서는 사용자가 고가의 액션캠이나 스마트 글래스를 직접 착용해야 하는 한계가 있었다. 또한 이미 촬영된 일반 영상(제3자 시점, Exocentric video)을 1인칭 시점으로 자연스럽게 변환하는 데에도 기술적 제약이 존재했다.
이번 기술은 단순히 화면을 회전시키는 수준을 넘어, 인물의 위치와 자세, 주변 공간의 3차원(3D) 구조를 종합적으로 이해한 뒤 이를 기반으로 1인칭 시점 영상을 재구성한다는 점이 특징이다.

기존 기술은 정지 이미지만 변환하거나 4대 이상의 카메라 영상이 필요한 경우가 많았다. 또한 빛의 방향이나 움직임이 복잡한 동영상에서는 화면이 어색해지는 문제가 있었다.
반면 EgoX는 단 하나의 3인칭 시점 영상만으로도 고품질의 1인칭 영상을 생성할 수 있다. 연구팀은 특히 인물의 머리 움직임과 실제 시야 사이의 상관관계를 정밀하게 모델링함으로써, 고개를 돌릴 때 시야가 자연스럽게 전환되는 모습까지 사실적으로 구현하는 데 성공했다.
이 기술은 특정 환경에 국한되지 않고 요리, 운동, 작업 등 다양한 일상 상황에서도 안정적인 성능을 보였다. 이를 통해 별도의 웨어러블 장치를 착용하지 않고도 기존에 축적된 영상으로부터 고품질의 1인칭 시점 데이터를 확보할 수 있는 새로운 가능성을 열었다는 평가를 받고 있다.
EgoX는 향후 다양한 산업 분야에 상당한 파급력을 미칠 것으로 기대된다. AR·VR 및 메타버스 분야에서는 일반 영상을 사용자가 직접 체험하는 듯한 몰입형 콘텐츠로 전환해 사용자 경험을 극대화할 수 있다.
또한 로봇이 사람의 행동을 보고 학습하는 모방 학습(Imitation Learning)의 핵심 데이터로 활용될 수 있어 로봇과 AI 학습 분야에도 기여할 것으로 전망된다. 스포츠 중계나 브이로그를 선수나 주인공의 시점으로 전환하는 등 새로운 형태의 영상 서비스도 가능해질 것으로 기대된다.

주재걸 석좌교수는 “이번 연구는 단순한 영상 변환 기술을 넘어, 인공지능이 사람의 ‘시야’와 ‘공간 이해’를 학습해 재구성했다는 점에서 의미가 크다”며 “앞으로는 기존에 촬영된 영상만으로도 누구나 몰입형 콘텐츠를 제작하고 경험할 수 있는 환경이 열릴 것으로 기대한다”고 말했다. 이어 “KAIST는 생성형 AI 기반 비디오 기술 분야에서 세계적 경쟁력을 확보해 나갈 것”이라고 덧붙였다.
이번 연구는 강태웅, 김기남 KAIST 박사과정, 김도현 서울대 학부연구생이 제 1저자로 참여했으며, 논문은 2025년 12월 9일 arXiv에 선공개되어 미국 NVIDIA 및 Meta 등의 빅테크들을 비롯한 AI 산업 및 학계의 큰 주목을 받았으며, 2026년 6월 3일 미국 콜로라도에서 열리는 국제 학술대회인 The IEEE/CVF Conference on Computer Vision and Pattern Recognition (CVPR)에 공식 발표될 예정이다.
※ 논문명: EgoX: Egocentric Video Generation from a Single Exocentric Video, 논문링크: https://keh0t0.github.io/EgoX/
※ 저자: 강태웅(제1저자, KAIST), 김기남(제1저자, KAIST), 김도현 (제1저자, 서울대학교), 박민호 (공동저자, KAIST), 형준하 (공동저자, KAIST), 주재걸(교신저자, KAIST)
한편, 이번 연구는 과학기술정보통신부 재원으로 한국연구재단의 지원을 받은 개인기초연구사업 ‘생성형 인공지능 기술을 통한 사용자 중심 콘텐츠 생성 및 편집 기술 연구’ 과제와, 슈퍼컴퓨터 5호기 초고성능컴퓨팅 기반 R&D 혁신 지원 사업 ‘디퓨전 모델 기반 비디오 촬영 시점 변환 연구’ 과제의 지원을 받아 수행됐다.​2026.02.23조회수575",https://news.kaist.ac.kr/news/html/news/?mode=V&mng_no=58490&skey=&sval=&list_s_date=&list_e_date=&GotoPage=2,N/A,kr
"‘잡초의 반란’...까마중을 의약품 원료 공장으로 바꾸다검은 열매 모양이 까마귀 눈을 닮았다고 해서 ‘까마중’이라는 불리는 길가나 빈터에서 흔히 볼 수 있는 잡초가 현대 의학의 필수품인 호르몬제 원료를 생산하는 ‘보물 창고’로 탈바꿈했다. 국내 연구진이 유전자 교정 기술을 활용해 까마중의 대사 경로를 재설계함으로써, 병원에서 널리 쓰이는 스테로이드계 의약품의 핵심 원료를 고효율로 생산하는 기술을 개발했다.
우리 대학은 검은 열매 모양이 까마귀 눈을 닮았다고 해서 ‘까마중’이라는 불리는 길가나 빈터에서 흔히 볼 수 있는 잡초가 현대 의학의 필수품인 호르몬제 원료를 생산하는 ‘보물 창고’로 탈바꿈했다. 국내 연구진이 유전자 교정 기술을 활용해 까마중의 대사 경로를 재설계함으로써, 병원에서 널리 쓰이는 스테로이드계 의약품의 핵심 원료를 고효율로 생산하는 기술을 개발했다.
디오스게닌은 현대 약학에서 핵심적인 출발 물질이다. 소염제와 가려움증 치료제 등 일상에서 널리 사용되는 스테로이드 호르몬제의 합성 원료로 활용된다. 현재는 주로 ‘마(Dioscorea)’의 뿌리에서 추출하지만, 마는 수확까지 수년이 소요되고 유전자 조작이 어려워 생산량 확대에 한계가 있었다.
연구팀은 이러한 한계를 극복하기 위해 한 세대가 약 3개월로 짧고 유전자 조절이 용이한 ‘까마중(Solanum nigrum)’에 주목했다. 까마중은 원래 독성 스테로이드 성분인 ‘솔라소딘(Solasodine)’을 생성하는데, 연구진은 이 물질이 디오스게닌과 구조적으로 매우 유사하다는 점에 착안했다.

연구팀은 유전자 가위(CRISPR-Cas9) 기술을 활용해 까마중의 특정 유전자인 ‘게임4(SnGAME4)’를 교정했다. 이를 통해 독성 성분으로 이어지는 대사 경로를 차단하고, 대신 디오스게닌이 생성되도록 대사 흐름을 전환했다. 또한 잎 조직에서 반응을 조절하는 ‘게임25(SnGAME25)’ 까마중 유전자를 추가로 억제해 열매와 잎 모두에서 디오스게닌 축적량을 극대화했다.

특히 이번 연구에서는 까마중이 자체적으로 보유한 효소인 베타-글루코시다아제(SaF26G)를 활용해 성분을 추출이 용이한 형태로 전환하는 ‘자연 발효’ 공정을 접목했다. 그 결과, 까마중의 녹색 열매에서 기존 산업용 원료 식물인 마와 유사한 수준의 디오스게닌을 확보하는 데 성공했다.


여기에 더해 경상국립대 연구팀이 개발한 ‘열매 수확량 증대 기술(S 유전자* 변이)’을 적용해 식물 한 개체당 열매 생산량을 대폭 향상시켰다. 이를 통해 동일 면적에서 보다 많은 의약품 원료를 생산할 수 있는 산업적 기반도 마련했다.
*S 유전자 변이: S유전자(compound inflorescence)는 식물의 꽃대 형성을 조절하는 유전자로, 발현양 조절을 통해 한 개체당 열매 생산량을 늘릴 수 있음

김상규 교수는 “이번 연구는 잡초가 지닌 고유한 대사 경로를 정교하게 재설계해 고부가가치 약용 성분을 생산할 수 있음을 보여준 사례”라며 “향후 스테로이드 의약품 원료를 보다 안정적이고 환경친화적인 방식으로 확보하는 데 기여할 것”이라고 말했다.
이번 연구에는 KAIST 임종부 박사와 경상국립대 김근화 박사, 허정 박사가 공동 제1저자로 참여했으며, 연구 성과는 식물과학 분야 국제학술지 플랜트 바이오테크놀로지 저널(Plant Biotechnology Journal) 1월 16일 자 온라인판에 게재됐다.
※논문명: Rewiring Steroidal Metabolic Pathways for Diosgenin Production in Solanum nigrum, DOI: 10.1111/pbi.70551
한편, 본 연구는 한국연구재단 합성생물학 핵심기술개발사업, 중견연구자지원사업 및 농촌진흥청 차세대농작물신육종기술개발사업의 지원을 받아 수행됐다.​2026.02.23조회수463",https://news.kaist.ac.kr/news/html/news/?mode=V&mng_no=58470&skey=&sval=&list_s_date=&list_e_date=&GotoPage=2,N/A,kr
"세계적인 포모사그룹 왕뤠이위 회장 명예박사 학위 수여우리 대학은 20일 열린 2026년도 학위수여식에서 세계적인 포모사그룹(Formosa Group) 경영관리감독위원회 상무위원 겸 포모사바이오 왕뤠이위(王瑞瑜, Ruey-Yu·Sandy Wang) 회장에게 명예경영학 박사학위를 수여했다고 밝혔다. 
명예경영학 박사학위를 받은 왕뤠이위 회장은 포모사그룹 창업자 고(故) 왕융칭 회장의 경영 철학을 계승해 기업의 지속 가능성과 사회적 책임을 핵심 가치로 삼고, 그룹의 전략적 전환과 성장을 이끌어 온 글로벌 기업인이다. 그는 석유화학 중심의 전통 제조업을 넘어 생명공학, 청정에너지, 에너지저장시스템(ESS), 자원순환 등 미래 핵심 산업으로 사업 구조를 확장하며 장기적 관점의 경영을 실천해 왔다.
우리 대학은 “왕뤠이위 회장은 산업 성장과 사회적 책임이 분리될 수 없다는 철학 아래 과학기술과 산업, 인재 양성이 유기적으로 결합된 지속 가능한 기업 성장 모델을 제시해 왔다”며 “특히 KAIST와의 전략적 협력을 통해 생명의학 연구를 중심으로 한 중장기 협력 기반을 구축하고, 생명과학기술 연구 인프라 확충과 국제 공동 연구 플랫폼 조성에 기여한 공로를 높이 평가해 명예박사 학위를 수여했다”고 밝혔다.
왕뤠이위 회장은 이러한 협력의 일환으로 포모사그룹 산하 대형 의료기관 및 대학과 KAIST 생명과학기술대학 간 공동 연구 체계를 구축하는 데 핵심적인 역할을 수행했다. 이를 통해 설립된 ‘KAIST–포모사 생명의학 연구센터’는 다학제·국제 공동 연구를 촉진하는 거점으로 기능하며, 생명의학 분야 중장기 연구 지원과 함께 KAIST의 연구 경쟁력과 국제적 위상 제고에 기여해 왔다.
또한 그는 기업의 성과를 사회로 환원하는 구조를 제도화하고, 연구와 인재 양성에 대한 장기적 투자를 통해 과학기술 성과가 산업과 사회로 확산되는 선순환 구조를 정착시켜 왔다. 이러한 활동은 기업 경영의 범주를 넘어 과학기술을 통한 인류 복지 증진과 지속 가능한 사회 구현에 기여한 사례로 평가됐다.
왕뤠이위 회장은 “KAIST로부터 명예경영학 박사학위를 받게 되어 매우 영광스럽게 생각한다”며 “과학기술과 연구를 통해 인류 사회에 기여하고 지속 가능한 미래를 만들어 가는 KAIST의 가치와 철학에 깊이 공감한다”고 밝혔다. 이어 “KAIST에서 성장하는 젊은 인재들이 과학기술을 통해 인류 사회의 지속 가능한 발전을 이끌어 가기를 기대한다”며 “앞으로도 연구와 인재 양성에 대한 장기적 지원을 통해 과학기술의 성과가 산업과 사회로 확산되는 선순환 구조를 만들어 가는 데 힘을 보태겠다”고 말했다.
이광형 총장은 “왕뤠이위 회장은 과학기술을 중심에 둔 산업 전략과 책임 있는 경영을 통해 사회적 가치를 실천해 온 인물”이라며 “KAIST와의 전략적 파트너십을 통해 연구 인프라 확충과 국제 협력을 실질적으로 지원한 공로를 높이 평가하며, KAIST 가족으로 모시게 되어 매우 뜻깊게 생각한다”고 밝혔다.​2026.02.21조회수884",https://news.kaist.ac.kr/news/html/news/?mode=V&mng_no=58390&skey=&sval=&list_s_date=&list_e_date=&GotoPage=2,N/A,kr
"2026학년도 KAIST 학위수여식, 각자의 무대에서 저마다의 빛으로우리 대학은 20일 오후 2시, 대전 본원 류근철스포츠컴플렉스에서 2026년도 학위수여식을 개최했다고 밝혔다.
이번 학위수여식에서는 박사 817명, 석사 1,792명, 학사 725명 등 총 3,334명이 학위를 받았다. 이로써 KAIST는 1971년 설립 이래 박사 18,130명을 포함해 석사 43,358명, 학사 23,002명 등 총 84,490명의 고급 과학기술 인력을 배출하게 됐다.
우리 대학은 인재상을 상징하는 대표 학위수여자 3인을 선정했다. 뇌과학 연구와 피아노 연주를 넘나드는 융합 연구로 주목받아 ‘피아노 치는 뇌과학자’로 불리는 박사 대표 류승현(바이오및뇌공학과) 씨, 접근성과 포용을 키워드로 사회적 약자를 위한 따뜻한 기술 연구를 이어온 석사 대표 최진(전산학부) 씨, 그리고 분단국가 키프로스 출신의 튀르키예 국적 학생으로 외국인 최초 KAIST 총장 장학생에 선발된 학사 대표 매르트 야쿠프 바이칸(Mert Yakup Baykan·항공우주공학과) 씨가 그 주인공이었다.
박사 대표이자 화제의 졸업생으로 선정된 류승현 씨는 KAIST에서 학·석·박사 과정을 거치며 14년간 연구와 음악을 병행해 온 인물이다. 그는 학내 피아노 동아리 ‘피아스트(PIAST)’에서 연주회 기획과 운영을 맡아 예술 활동을 캠퍼스 공동체로 확장해 왔다. 또한 알츠하이머병과 암의 상반된 관계에 주목해 두 질환 관련 단백질과 항암제가 신경세포에서 어떻게 작용하는지를 밝혀내며 질환 간 연관성에 대한 새로운 시각을 제시했다.
석사 대표이자 화제의 졸업생인 최진 씨는 프랑스 파리에서 열린 접근성 분야 국제학회 AAATE 2023에서 시각장애인의 메타버스와 인공지능 활용 경험을 분석한 연구를 발표했다. 학회 기간 시각장애인 교수와 동행하며 이동권과 안전 문제를 직접 체감한 경험을 계기로 연구를 확장했으며, 이후 시각장애 청소년 AI·코딩 캠프 조교 활동 등 현장 중심 연구를 이어왔다. 그는 사회적 약자를 위한 기술 연구를 지속하며 박사과정에 진학할 계획이라고 밝혔다.
학사 대표 학위수여자인 매르트 야쿠프 바이칸 씨는 학부 과정 동안 연구에 참여해 SCI 논문 4편 게재와 학회 발표 5회를 기록했다. 또한 사우디아라비아 킹압둘라 과학기술대학교(KAUST) 방문학생 연구자로 선발돼 국제 공동연구 경험을 쌓았다. 외국인 최초로 KAIST 총장 장학생에 선정된 그는 미국 스탠포드대 박사과정으로 진학해 우주 추진 및 연소 연구 분야의 전문 연구자로 성장하겠다는 계획을 밝혔다.

우수 졸업생에 대한 시상도 함께 진행됐다. 강서현(뇌인지과학과 학사) 씨가 부총리 겸 과학기술정보통신부 장관상을 수상했으며, 이사장상은 태국 유학생 펀 러트자투라팟(Punn Lertjaturaphat·산업디자인학과 학사) 씨가 받았다. 총장상은 여경민(전산학부 학사) 씨가, 동문회장상과 발전재단 이사장상은 각각 류원우(항공우주공학과 학사) 씨와 박성빈(원자력및양자공학과 학사) 씨가 수상했다. 구혁채 과학기술정보통신부 제1차관은 부총리 겸 과기부 장관을 대신해 시상했다.
강서현 씨는 파킨슨병 관련 핵심 단백질을 수술이나 조직 손상 없이 측정할 수 있는 기술을 구현해 뇌질환 연구의 새로운 가능성을 제시했으며, 공동체 활동과 봉사로 사회적 책임을 실천해 학문과 나눔을 아우른 모범 졸업생으로 평가받았다. 펀 러트자투라팟 씨는 세계 최고 권위의 국제 학술대회 ACM CHI 등에서 연구 역량을 인정받았고, 농촌 노인 돌봄 문제 해결을 위한 스타트업을 공동 창업하는 등 기술과 디자인을 통해 사회문제 해결에 도전한 창의적 인재로 주목받았다.
여경민 씨는 인공지능 최상위 학회인 NeurIPS, ICLR, CVPR 등에 6편의 논문을 발표하고 이미지 생성 기술의 새로운 이론을 제시하며 젊은 연구자로서 탁월한 학문적 성취를 보였다. 류원우 씨는 해외봉사단장과 학과 과대표로 공동체를 이끌었고, 로켓 발사 대회 대상 수상과 졸업 연구 수행 등 학문적·실천적 역량을 겸비했다. 박성빈 씨는 차세대 베타전지 개념을 제안하고 특허 및 창업으로 연계했으며, 학생회장과 홍보대사 활동을 통해 원자력 기술 소통과 대외 위상 제고에 기여했다.
졸업생 대표 연설자로는 강동재(산업및시스템공학과 학사) 씨와 튀르키예 유학생 굴 오스만(GUL OSMAN·기계공학과 박사) 씨가 나섰다. 강 씨는 과학을 단순한 문제 풀이가 아닌 현상 이면의 의미를 탐구하는 과정으로 배웠다고 말하며, 이러한 시선을 바탕으로 타인의 보이지 않는 어려움에도 귀 기울이겠다고 밝혔다. 오스만 씨는 경제적으로 어려운 환경 속에서도 공장 일을 병행하며 과학에 대한 흥미를 키웠고, 한국정부초청장학금으로 유학 생활을 시작해 도전을 멈추지 않으면 길은 열린다는 메시지를 전했다.
우리 대학은 올해도 연구 성과를 넘어 예술과 사회적 가치까지 아우르며 자신만의 길을 개척해 온 화제의 졸업생 3인을 조명했다. 류승현 씨와 최진 씨에 이어 김대희(건설및환경공학과 학사) 씨도 그 주인공이었다. 김 씨는 교내 환경 단체 활동과 지역 연계 환경 캠페인을 주도해 환경 공로상을 수상했으며, 석사과정에 진학해 이산화탄소 지중 저장 연구에 매진할 계획이라고 밝혔다. 또한 KAIST 메탈 밴드 ‘인피니트(INFINITE)’의 보컬리스트로 활동하며 음악과 연구를 병행해 나가겠다고 전했다.
이날 행사에서는 포모사그룹 경영관리감독위원회 상무위원 겸 포모사바이오 왕뤠이위 회장에게 명예경영학 박사학위도 수여됐다. 

이광형 총장은 “꿈을 품고 기회를 놓치지 않으며 실패를 두려워하지 말고 끊임없이 도전하길 바란다”며 “각자의 무대에서 자신만의 빛을 발하며 사회에 기여하는 KAIST인이 되길 기대한다”고 졸업생들을 격려했다.​2026.02.21조회수2199",https://news.kaist.ac.kr/news/html/news/?mode=V&mng_no=58292&skey=&sval=&list_s_date=&list_e_date=&GotoPage=2,N/A,kr
"KAIST ﻿클리닉, 故 파팔라도 전 MEDITECH 회장 추모식… 고인의 병원설립 뜻 기려KAIST 클리닉은 이달 19일 파팔라도 센터(KAIST Clinic Pappalardo Center)에서 병원 설립에 기초를 다진 파팔라도 전 MEDITECH 회장 추모식을 가졌다.
이번 추모식에는 이광형 총장과 제2대 유욱준 원장을 비롯 현 병원 임원진, 의료진, 간호진 및 클리닉 설립에 공헌한 임직원이 참여해 고인의 숭고한 뜻을 기렸다.
1942년 뉴욕에서 태어난 고인은 MIT 수학 후 세계 최초의 전자 건강기록 시스템 개발 및 의료정보시스템 표준화에 기여한 MEDITECH을 설립, 현재 전 세계 2,000개 이상의 병원에 의료정보시스템을 제공하고 있으며, 미국 내 Outstanding Patient Excellence Award 등 다수의 수상 경력을 보유하고 있다.
고인은 KAIST 총장자문위원회 활동을 통해 대학의 중장기 발전 방향에 대한 혜안과 조언을 아끼지 않으셨으며, 특히 미화 250만불 기부를 통해 지금의 KAIST Clinic 설립이 가능하도록 하는데 중심 역할을 하셨다.
 2007년 병원설립 제안서를 입안했던 유욱준 전 원장은 “파팔라도 회장님이 아니셨다면 대한민국 최초의 교육기관 부속의원이자 10개 분야 연간 6만명 이상의 진료를 제공하고 있는 KAIST Clinic 설립은 불가능 했을 것으로, 앞으로 클리닉이 최상의 의료서비스를 통해 신뢰받는 병원으로 계속 성장할 수 있도록 의료진 외 임직원 모두 최선의 노력을 다해줄 것”을 당부했다. ​2026.02.20조회수500",https://news.kaist.ac.kr/news/html/news/?mode=V&mng_no=58450&skey=&sval=&list_s_date=&list_e_date=&GotoPage=2,N/A,kr
"Professor Kuk-Jin Yoon’s Research Team at the Department of Mechanical Engineering Achieves Landmark Success with 10 Papers Accepted at CVPR 2026<Professor Kuk-Jin Joon from Department of Mechanical Engineering>

Professor Kuk-Jin Yoon’s research team from our university’s Department of Mechanical Engineering has once again demonstrated its overwhelming academic prowess by having a total of 10 papers accepted as lead authors at the IEEE/CVF Conference on Computer Vision and Pattern Recognition 2026 (CVPR 2026).
CVPR is the most influential international conference in the fields of artificial intelligence and visual intelligence. Since its inception in 1983, it has selected outstanding research through a rigorous peer-review process every year. For CVPR 2026, a total of 16,092 papers were submitted worldwide, with 4,090 accepted, resulting in a competitive acceptance rate of approximately 25.42%. Achieving 10 accepted papers as lead or corresponding authors from a single laboratory is regarded as an exceptionally rare and world-class feat.
Professor Kuk-Jin Yoon’s team conducts extensive research with the ultimate goal of achieving human-level visual intelligence. The papers accepted this year cover cutting-edge topics in computer vision, including:
 
 
Event camera-based technologies 
 
Perception technologies for autonomous driving 
 
AI optimization and adaptation techniques 

This achievement follows the team's remarkable success at ICCV 2025 last year, where they published 12 papers as lead/corresponding authors. The results at CVPR 2026 further solidify the laboratory's position as a global hub for pioneering computer vision research. The research team plans to continue contributing to the advancement of future AI technologies by tackling challenging research that transcends the limitations of existing methods.
Meanwhile, CVPR 2026 is scheduled to be held in Denver, Colorado, USA, from June 3 to June 7.

<CVPR 2026 (Denver, USA)>​2026.03.06View166",https://news.kaist.ac.kr/newsen/html/news/?mode=V&mng_no=59030&skey=&sval=&list_s_date=&list_e_date=&GotoPage=1,N/A,en
"Earth’s Safety Limit Already Exceeded… Carbon Emissions More Than Double the Planetary Boundary<(From Left) Professor Haewon McJeon, Dr. Paul Wolfram>
Earth is not infinite. Pollution beyond certain levels threatens the climate and ecosystems. To prevent this, scientists have proposed “Planetary Boundaries,” defining the safe operating limits of the Earth system. A KAIST research team recalculated climate change and nitrogen pollution using the same standard and found that current carbon emissions already exceed the planet’s sustainable limit by more than double.
KAIST (President Kwang Hyung Lee) announced on the 6th of March that Professor Haewon McJeon of the Graduate School of Green Growth and Sustainability, in collaboration with Dr. Paul Wolfram’s team at the Pacific Northwest National Laboratory (PNNL) of the U.S. Department of Energy, recalculated the carbon dioxide emission boundary using an annual emissions (flow) framework rather than the traditional cumulative carbon stock framework.
Until now, climate change has been evaluated based on how much CO₂ accumulates in the atmosphere (stock). In contrast, nitrogen and phosphorus pollution have been assessed based on how much is emitted each year (flow). Because these problems were measured using different metrics, it was difficult to fairly compare their relative severity. The research team therefore recalculated carbon emissions using the same annual emissions framework used for nitrogen pollution.
Based on the condition of limiting the rise in global average temperature to within 1.5°C, the analysis showed that the Earth’s safe limit for annual CO₂ emissions is approximately 4–17 gigatons (Gt CO₂ per year). However, humanity’s current annual emissions amount to about 37 gigatons (Gt CO₂ per year). This level exceeds the Earth’s safe operating space by more than twofold.
Professor Haewon McJeon stated, “When carbon emissions are compared using the same framework as nitrogen pollution, the severity of climate change becomes much clearer,” adding, “This study helps place different environmental problems on the same analytical basis, which can contribute to setting clearer policy priorities.”

<Comparative Measurement of Planetary Boundaries and Proposal for Flow-Based Carbon Emission Limits>

<Scope and Sensitivity of Flow-Based Carbon Emission Limits>
He further emphasized, “The need for integrated strategies that simultaneously consider carbon, nitrogen, and phosphorus pollution is growing,” adding that global efforts toward decarbonization must accelerate further.
The study was jointly led by Professor Haewon McJeon and Dr. Paul Wolfram as co-corresponding authors, with Hassan Niazi, Page Kyle, and other researchers from PNNL participating as collaborators. The research results were published on February 16 in the international journal Nature Sustainability.
※ Paper title: “Ensuring consistency between biogeochemical planetary boundaries”
DOI: https://doi.org/10.1038/s41893-026-01770-6
This research was supported by the project “Development of an AI-Based Next-Generation Integrated Assessment Model for Climate–Human Interactions” funded by the Ministry of Science and ICT and the National Research Foundation of Korea.
In a Science commentary published on March 5 titled “Thirty-six solutions to stabilize Earth’s climate,” Professor McJeon revisited the progress of climate technologies over the past 20 years. He pointed out that although humanity has possessed many of the necessary technologies, they have not been implemented quickly enough, allowing the climate crisis to intensify. He also emphasized that the pace of decarbonization must accelerate to achieve carbon neutrality.
※ Commentary: “Thirty-six solutions to stabilize Earth’s climate”
Link: https://doi.org/10.1126/science.aed5212​2026.03.06View134",https://news.kaist.ac.kr/newsen/html/news/?mode=V&mng_no=59010&skey=&sval=&list_s_date=&list_e_date=&GotoPage=1,N/A,en
"KAIST Develops Brain-Like AI… Thinks One More Time Even When Predictions Are Wrong<(From left) Professor Sang Wan Lee, Myoung Hoon Ha, and Dr. Yoondo Sung>
Artificial intelligence now plays Go, paints pictures, and even converses like a human. However, there remains a decisive difference: AI requires far more electricity than the human brain to operate. Scientists have long asked the question, “How can the brain learn so intelligently using so little energy?” KAIST researchers have moved one step closer to the answer.
KAIST (President Kwang Hyung Lee) announced on the 29th that a research team led by Distinguished Professor Sang Wan Lee of the Department of Brain and Cognitive Sciences has developed a new technology that applies the learning principles of the human brain to deep learning, enabling stable training even in deep artificial intelligence models.
Our brain does not passively receive the world. Instead of merely perceiving what is happening in the present, it first predicts what will happen next and, when reality differs from that prediction, adjusts itself to reduce the difference (i.e., prediction error). This is similar to anticipating an opponent’s next move in Go and changing strategy if the prediction turns out to be wrong. This mode of information processing is known as “Predictive Coding.”

< Predictive Coding (PC) Module >
Scientists have attempted to apply this principle to AI, but encountered difficulties. As neural networks become deeper, errors tend to concentrate in specific layers or vanish altogether, repeatedly leading to performance degradation.
The research team mathematically identified the cause of this problem and proposed a new solution. The key idea is simple: instead of predicting only the final outcome, the AI is designed to also predict how its prediction errors will change in the future. The team refers to this as “Meta Prediction.” In simple terms, it is an AI that “thinks once more about its mistakes.” When this method was applied, learning proceeded stably in deep neural networks without halting.

<Analysis of Instability in Predictive Coding Model Errors>
The experimental results were also impressive. In 29 out of 30 experiments, the proposed method achieved higher accuracy than the current standard AI training method, backpropagation. Backpropagation is the representative learning method in which AI “goes backward by the amount of error and corrects it.”
Conventional AI training methods (backpropagation) require tightly interconnected layers, meaning the entire network must be computed and updated simultaneously. In contrast, this new approach demonstrates that, like the brain, large AI models can be effectively trained even when learning occurs in a distributed and partially independent manner.

<Performance Comparison of Predictive Coding Models>
This technology is expected to expand into various fields where power efficiency is critical, including neuromorphic computing, robot AI that must adapt to changing environments, and edge AI operating within devices.
Distinguished Professor Sang Wan Lee stated, “The key to this research is not simply imitating the structure of the brain, but enabling AI to follow the brain’s learning principles themselves,” adding, “We have opened the possibility of artificial intelligence that learns efficiently like the brain.”
This study was conducted with Dr. Myoung Hoon Ha as the first author and Professor Sang Wan Lee as the corresponding author. The paper was accepted to the International Conference on Learning Representations (ICLR 2026) and was published online on January 26.
※ Paper title: “Stable and Scalable Deep Predictive Coding Networks with Meta Prediction Errors”Original paper: https://openreview.net/forum?id=kE5jJUHl9i&noteId=e6T5T9cYqO
This research was supported by the Ministry of Science and ICT and the Institute of Information & Communications Technology Planning & Evaluation (IITP) through the Digital Global Research Support Program (joint research with Microsoft Research), the Samsung Electronics SAIT NPRC Program, and the SW Star Lab Program.
 ​2026.03.06View91",https://news.kaist.ac.kr/newsen/html/news/?mode=V&mng_no=58990&skey=&sval=&list_s_date=&list_e_date=&GotoPage=1,N/A,en
"Simultaneous Decoding of Genetic Maps Inside Cells... A Game Changer for Understanding Complex Human Diseases< (Clockwise from top left) Professor Inkyung Jung (KAIST), Dr. Dongchan Yang (KAIST), Dr. Kyukwang Kim (KAIST), Dr. Yueyuan Xu (Duke University), Dr. Xiaolin Wei (Duke University), Professor Yarui Diao (Duke University) >
The origin of many diseases begins at the cellular level and involves multiple molecular interactions. However, previous methods have struggled to accurately observe changes in individual cells. Analyzing average values across thousands of cells made it challenging to detect the early signals of disease. 
Our university's research team has pioneered groundbreaking technology that decodes the genetic blueprint within a cell in 3D, akin to zooming in on Earth using Google Earth. This innovation is poised to transform research into complex diseases such as cancer, dementia, and Parkinson's disease.
KAIST announced on March 4th that Professor Inkyung Jung's research team from the Department of Biological Sciences, in collaboration with Professor Yarui Diao's team at Duke University, has developed scHiCAR (single-cell Hi-C with assay for transposase-accessible chromatin and RNA sequencing). This is the world’s first ultra-high throughput & precise molecular map decoding technology that simultaneously analyzes gene expression (transcriptome), the epigenome, and the 3D genome structure within a single cell.
The key to determining a cell's state lies in how its genes operate. Genes are not simply switches that turn on and off. The destiny of a cell is determined by which genes are actually active (transcriptome), why they are active (epigenome), and within what spatial structure they operate (3D genome structure). Existing technologies required obtaining this information from different cells separately and then matching them afterward, which could lead to the distortion or omission of subtle changes.
The research team introduced ‘Trimodal Multi-omics’ technology, an integrated precision analysis method that concurrently examines these three types of genetic information within a single cell. By incorporating Artificial Intelligence (AI) analysis, they significantly enhanced accuracy and reproducibility, culminating in a unified platform that reads internal cellular genetic information akin to a ‘single 3D map.’

<Ultra-precision Single-cell Molecular Map>

Notably, the team succeeded in lowering the analysis cost to approximately $0.04 (approx. 50 KRW) per cell. Using this, they constructed a high-resolution molecular map of 1.6 million cells in mouse brain tissue. This means it is now possible to precisely identify when, where, and within what structure disease genes are turned on or off at the cellular level.
The research team applied this technology to brain tissue and the muscle regeneration process, revealing distinct gene operation principles across 22 major cell types. Notably, they successfully tracked in real-time how the 3D structure of genes dynamically changes to influence cell fate during muscle stem cell regeneration. This advancement is expected to lay a crucial foundation for developing treatment strategies for aging and incurable diseases.

<Research Result Image (AI-generated)>


Professor Inkyung Jung remarked, ‘This research transcends mere observation of cells; it opens the door to precisely reading and controlling the genomic blueprints within them. It represents a significant turning point in elucidating the developmental mechanisms of complex diseases like Parkinson's and cancer, as well as identifying target points for patient-specific new drugs.’
The study was published on February 19th in the international academic journal Nature Biotechnology (IF=46.9).
 
Paper Title: Trimodal single-cell profiling of transcriptome, epigenome and 3D genome in complex tissues with scHiCAR 
DOI: 10.1038/s41587-026-03013-7 

Meanwhile, this research was conducted with support from the Suh Kyungbae Foundation, the Samsung Science and Technology Foundation, and the Basic Research Program and Bio-Medical Technology Development Program of the National Research Foundation of Korea (Ministry of Science and ICT).​2026.03.06View98",https://news.kaist.ac.kr/newsen/html/news/?mode=V&mng_no=58970&skey=&sval=&list_s_date=&list_e_date=&GotoPage=1,N/A,en
"Campus in Spring: KAIST Art Museum Hosts ‘Oblique Time’ Exhibition< (Left: Stair-shaped work) Divided Horizon, (Right: Circular mirror work) In-between >
KAIST invites visitors to go beyond simply 'looking' at art, offering a space to experience ‘Oblique Time’ while strolling through the venue. ‘Oblique Time’ refers to a different texture of time—stepping away from the linear flow of daily life to a place where senses and contemplation slowly intersect.
KAIST announced that it will host ‘Oblique Time,’ a special installation art exhibition by graphic designer Na Kim, at the KAIST Art Museum on the main Daejeon campus starting on the 3rd.
The exhibition takes place on the newly opened rooftop of the museum. The three installed works awaken a new sense of space through the media of wind, light, gaze, and movement. Upon entering the rooftop, soaring columns greet visitors; as one walks slowly between them, the traces of the wind brushing past can be felt by the body.
Ascending and descending the stairs reveals entirely different scenes within the same space, while circular mirrors on the floor simultaneously reflect the sky, the clouds, and the viewer standing before them. Visitors shift from being mere observers to becoming part of the landscape within the artwork. The space is no longer a fixed structure but transforms into a fluid field of time.
All three works are experiential installations that rely on the participation and movement of the audience. Rather than a fixed viewpoint, the artist uses a ""wavering gaze"" to twist our conventional senses of space and time. It is an exhibition that leaves behind experience over explanation, and contemplation over definitive answers.
Na Kim is a graphic designer and visual artist who graduated from the Department of Industrial Design at KAIST and studied at Hongik University and ArtEZ University of the Arts in the Netherlands. Based in design, she has built a unique artistic world that crosses into the realm of fine arts. By extracting and reconstructing memories and contexts tied to objects, images, and text, she encourages viewers to reflect on themselves and conjure their own self-portraits. She has received the Korea Institute of Design Promotion’s ‘Next Generation Design Leader’ award, the Doosan Yonkang Art Award, and the Ministry of Culture, Sports and Tourism’s ‘Today’s Young Artist Award.’ Currently represented by Kukje Gallery, she operates the project space ‘LOOM’ in Berlin, Germany.
""The creation of an art museum within the KAIST campus felt very meaningful to me,"" said Kim. ""I am honored to participate in the first exhibition for this newly opened rooftop space. I hope this exhibition provides students with an opportunity to experience art and reflect on themselves.""
Since its opening in December 2024, the KAIST Art Museum has operated three exhibition halls on the first and second floors. With the recent completion of interior work on the third floor, it has evolved into a full-scale museum with a total of seven galleries (five indoor, two outdoor). This exhibition, held in the rooftop area (Galleries 6 & 7) being revealed for the first time since the museum's opening, symbolizes the spatial expansion of the institution. This stage—extending from indoors to outdoors and from fixed galleries to the open sky—marks the starting point of a new experiment envisioned by the museum.
Hyeon-Jeong Suk, Director of the KAIST Art Museum (and Head of the Department of Industrial Design), stated, ""I am delighted to introduce Na Kim, who is also a junior from our department, to KAIST. Her original artistic world, rooted in the language of design, will diversely expand the museum's exhibitions.""
President Kwang Hyung Lee remarked, ""I am proud that a KAIST graduate has grown into a world-class artist and returned to her alma mater. I look forward to this exhibition serving as a leap forward for both the KAIST Art Museum and the artist.""
Starting with the museum construction fund and art donations from the late Chairman Moon-Soul Chung, KAIST has consistently received artworks from various social figures, artists, and bereaved families. Na Kim’s installation works will also belong to the KAIST Art Museum after the exhibition concludes, remaining as artistic assets for the campus.
The exhibition ‘Oblique Time’ opens at 3:00 PM on the 3rd and will be open to the public free of charge until August 28th. Viewing hours are weekdays from 10:00 AM to 5:00 PM.

 
< Vertical Texture (5m size)>

< Divided Horizon (8m size) >

< In-between (Circular diameters of 1.2m and 1.5m) >​2026.03.04View88",https://news.kaist.ac.kr/newsen/html/news/?mode=V&mng_no=58870&skey=&sval=&list_s_date=&list_e_date=&GotoPage=1,N/A,en
"Designing the Heart of Hydrogen Cars with AI... Development of Next-Generation Super Catalyst<(From left) KAIST Ph.D. Candidate HyunWoo Chang, Professor EunAe Cho. (Top, from left) Seoul National University Professor Won Bo Lee, Dr. Jae Hyun Ryu.>
In the era of climate crisis, hydrogen vehicles are emerging as an alternative for eco-friendly mobility. However, the fuel cell, known as the ‘heart of the hydrogen car,’ still faces limitations of high cost and short lifespan. The core cause is the platinum catalyst. While it is a decisive material for generating electricity, the reaction is slow, performance degrades over time, and manufacturing costs are high. Korean researchers have presented a clue to solving this difficult problem.
KAIST announced on February 26th that the research team led by Professor EunAe Cho of the Department of Materials Science and Engineering, together with the team of Professor Won Bo Lee of the School of Chemical and Biological Engineering at Seoul National University, has developed a technology that predicts the ‘atomic arrangement’ tendency of catalysts using artificial intelligence (AI).
This technology is akin to calculating beforehand which combination is advantageous for completing a puzzle before putting it together. By having AI calculate the arrangement speed of metal atoms first, it has become possible to efficiently design catalysts with better performance. The core of this research is that ‘AI revealed the fact that zinc plays a decisive role in the platinum-cobalt atomic arrangement.’

<Schematic diagram of AI-based atomic alignment prediction>
Despite the high performance of existing platinum-cobalt (Pt-Co) alloy catalysts, very high-temperature heat treatment was required to create the ‘intermetallic (L1₀)’ structure, where atoms are regularly arranged. In this process, particles would clump together, or the structure would become unstable, posing limitations for actual fuel cell application.
To solve this problem, the research team introduced machine learning-based quantum chemistry simulations. Through AI, they precisely predicted how atoms move and arrange themselves inside the catalyst.
As a result, they discovered that zinc (Zn) acts as a mediating element that promotes atomic arrangement. The principle is that when zinc is introduced, atoms find their places more easily, forming a more sophisticated and stable structure. In other words, AI has found the ‘optimal path for atomic arrangement creation’ in advance.

< Synthesis process of Zinc-introduced Platinum-Cobalt catalyst>
The zinc-platinum-cobalt catalyst, synthesized based on AI predictions, secured both higher activity and superior long-term durability compared to commercial platinum catalysts. This is a case proving that the ‘virtual blueprint’ calculated by artificial intelligence can be implemented as a high-performance catalyst in an actual laboratory.
In particular, this technology is expected to contribute to extending catalyst lifespan and reducing manufacturing costs across core carbon-neutral industries, such as hydrogen passenger cars, hydrogen trucks requiring long-distance operation, hydrogen ships, and energy storage systems (ESS).

< Conceptual diagram of AI-based catalyst development (AI-generated image) >
Professor EunAe Cho stated, “This research is a case of utilizing machine learning to predict the atomic arrangement tendency of catalysts in advance and implementing this through actual synthesis,” and added, “AI-based material design will become a new paradigm for the development of next-generation fuel cell catalysts.”
Ph.D. Candidate HyunWoo Chang from KAIST’s Department of Materials Science and Engineering and Dr. Jae Hyun Ryu from Seoul National University’s School of Chemical and Biological Engineering participated as co-first authors in this research. The research results were published on January 15, 2026, in ‘Advanced Energy Materials,’ a world-renowned academic journal in the energy materials field. ※ Paper Title: Machine Learning-Guided Design of L1₀-PtCo Intermetallic Catalysts: Zn-Mediated Atomic Ordering, DOI: https://doi.org/10.1002/aenm.202505211
This research was conducted with the support of the National Research Foundation of Korea’s Nano & Material Technology Development Program and the Korea Institute of Energy Technology Evaluation and Planning’s Energy Innovation Research Center for Fuel Cell Technology.
 ​2026.02.27View344",https://news.kaist.ac.kr/newsen/html/news/?mode=V&mng_no=58792&skey=&sval=&list_s_date=&list_e_date=&GotoPage=1,N/A,en
"Distinguished Professor Sang Yup Lee, Senior Vice President for Research, to Lead Industry-Academic-Research Cooperation in Synthetic Biology< Sang Yup Lee, Senior Vice President for Research at KAIST (Inaugural Chairman of the Korea Synthetic Biology Association) >
KAIST announced on February 27th that Sang Yup Lee, Distinguished Professor of the Department of Chemical and Biomolecular Engineering and Senior Vice President for Research, has been appointed as the inaugural chairman of the Korea Synthetic Biology Association (KSBA). This appointment was officially ratified during the association's 5th regular general meeting held on the 23rd.
The KSBA is a specialized consultative body established to promote cooperation in policy, industry, and research within the field of synthetic biology. Based on a network spanning industry, academia, research institutes, and government, the association supports the creation of a synthetic biology ecosystem as a national strategic technology and strengthens industrial competitiveness. It has contributed to the expansion of the domestic synthetic biology foundation through multifaceted activities such as policy proposals, international cooperation, human resource development, and industrial vitalization.
Through this appointment of the inaugural chairman, the association has established a unified leadership system and is set to formalize the operational foundation in line with the enforcement of the ""Synthetic Biology Promotion Act.""
At the general meeting, the 2025 business performance report was presented, and agendas for the ratification of the next chairman and the appointment of executives were resolved. Officials from the Ministry of Science and ICT also attended, expressing expectations for the association’s political role and future direction.
During the meeting, the ratification of Chairman Sang Yup Lee, who was elected by the Board of Directors in accordance with the articles of incorporation, was finally approved. Chairman Sang Yup Lee is a world-leading researcher who has pioneered the fields of synthetic biology and biotechnology. As the Senior Vice President for Research at KAIST, Head of the Metabolic Engineering National Research Laboratory, and Director of both the BioProcess Engineering Research Center and the Center for Synthetic Biology, he has led research innovation and the expansion of global cooperation. With this ratification, the KSBA has officially launched an integrated leadership system encompassing the establishment of mid-to-long-term strategies, strengthening industry-research links, and expanding global networks.

< Group photo of the Korea Synthetic Biology Association General Meeting (Chairman Sang Yup Lee, 5th from the bottom left) >
Chairman Sang Yup Lee stated, ""Synthetic biology is a key strategic technology that will determine national competitiveness. We will ensure close cooperation between industry, academia, research, and government so that the purpose of laws and systems can lead to practical innovation in research and industrial fields.""
Furthermore, the Board of Directors approved the appointment of directors and external auditors to enhance the accountability and transparency of organizational management, including Steering Committee Secretary Lee Seung-koo (Korea Research Institute of Bioscience and Biotechnology), as well as Park Han-oh (Bioneer), Kim장성 (Korea Research Institute of Bioscience and Biotechnology), Kim Dong-myung (Chungnam National University), Oh Min-kyu (Korea University), Cho Byung-kwan (KAIST), Yoon Hye-sun (Hanyang University), and Lee Do-heon (KAIST).
At this general meeting, the major contents of the ""Synthetic Biology Promotion Act,"" scheduled for enforcement on April 23, and the corresponding legislative notice of the enforcement decree were shared. Prior to the enforcement of the law, the Ministry of Science and ICT prepared an enforcement decree specifying delegated matters and has been conducting a legislative notice for 40 days starting February 23. The enforcement decree includes: ▲Clarification of procedures for establishing the Basic Plan for Synthetic Biology Promotion and annual implementation plans ▲Establishment of standards for designating and operating research hubs and biofoundries ▲Materialization of safety management systems and inspection procedures.
The KSBA plans to actively pursue implementation strategies for each division so that the legislative intent of the enforcement decree can be practically realized in industrial and research fields.
The Policy and System Division will strengthen its policy advisory function to ensure that field opinions are reflected in the process of establishing basic and annual implementation plans. It will also continue to present directions for synthetic biology development and social infrastructure construction strategies through the ‘KSBA Policy Insight 2026’ report.
The Convergence Division aims to advance research systems based on data, AI, and automation to simultaneously secure research reliability and efficiency. It will also support the strengthening of technology standardization and safety management capabilities through the publication of convergence technology trend reports and the operation of workshops.
The Technology and Industry Division plans to specify industry-research linkage models that meet the standards for designating and operating research infrastructure such as biofoundries. It will also expand corporate cooperation networks to ensure that the implementation of the system leads to technology commercialization and manufacturing innovation.
The Education and Network Division will prepare a competition (IDEA-B) to discover next-generation talent and strengthen safety and ethics education to increase the accountability and expertise of synthetic biology research. Additionally, it plans to expand international cooperation to ensure that domestic systems harmonize with global norms.
The KSBA plans to further enhance the stability of organizational operations through this general meeting and expand its role as a hub institution connecting policy, industry, and research. In particular, under the unified leadership centered on Chairman Sang Yup Lee, it intends to serve as a bridge for private-public cooperation so that the intent of the ""Synthetic Biology Promotion Act"" can be practically implemented in the field.

< KSBA Policy Insight 2026 Report of the Korea Synthetic Biology Association >​2026.02.27View266",https://news.kaist.ac.kr/newsen/html/news/?mode=V&mng_no=58791&skey=&sval=&list_s_date=&list_e_date=&GotoPage=1,N/A,en
"KAIST Launches Deep-Tech Scale-up Valley, Unveils Execution Strategies for Physical AI< Progress Report Meeting of the Deep-Tech Scale-up Valley Project >
KAIST announced on February 27th that it held the ""Deep-Tech Scale-up Valley Project Progress Report Meeting"" at its main campus in Daejeon on the 26th. During the meeting, the university unveiled its Physical AI strategies and execution structures, currently being developed with a focus on robotics.
The Deep-Tech Scale-up Valley Promotion Project is a joint initiative by the Ministry of Science and ICT, Daejeon Metropolitan City, and KAIST. KAIST has secured a total budget of 13.65 billion KRW for a period of three years and six months, starting from 2025. The project aims to commercialize KAIST's deep-tech capabilities in robotics to build a robust robot innovation ecosystem. A ""Robot Alliance"" has been formed, led by KAIST (headed by Professor Jung Kim) and including KAIST Holdings, Daejeon Techno Park, Daejeon Center for Creative Economy & Innovation, Angel Robotics, and Eurobotics.
The project seeks to foster a virtuous cycle ecosystem and nurture future ""Unicorn"" companies based on a three-pillar framework: Technology Commercialization, Deep-Tech R&D, and Commercialization Scale-up. In its first year (2025), the project achieved 230 billion KRW in technology transfers and investment attraction through Physical AI lectures, startup pitching sessions, and investment networking.
Physical AI refers to technology that combines robotics with artificial intelligence, allowing machines to make autonomous decisions and act in the real world. While it is gaining traction as a core field of next-generation industry—with increasing government R&D, corporate investment, and startup activity—critics have noted that successful business models applicable to actual industrial sites remain limited.
This report meeting is significant in that it redefined Physical AI not merely as a competition of AI technology, but as a matter of ""industrial structure."" It emphasized that commercialization is difficult unless R&D, industrial sites, and the investment ecosystem are organically linked.
Specifically, the report stated that for Physical AI to be applied to industrial sites, ""meaningful data"" generated from real-world operations is required, going beyond virtual environments. The strategy involves collaborating with skilled experts in manufacturing processes to accumulate data reflecting physical sensations and judgment, and establishing an execution system where robots can continuously cooperate with humans without obstructing their tasks.
Professor Kyoungchul Kong of the KAIST Department of Mechanical Engineering stated, ""It is now crucial to clarify the mixed concepts of Physical AI and create a concrete platform that anyone can utilize."" He added, ""For AI learned in virtual environments to function properly with actual robots in the real world, we must not only improve the accuracy of virtual technologies but also ensure that physical variables in the real world are predictable and stably managed."" In simpler terms, technology is needed to ensure that a robot's performance in a simulation translates seamlessly to the real world.
Professor Hyun Myung of the KAIST School of Electrical Engineering highlighted, ""In the field of AI, research on Physics-Informed Neural Networks (PINN), which incorporate physical laws into the learning process, is actively underway."" He emphasized, ""The completion of Physical AI is possible only when hardware researchers, who understand actual physical systems, and AI researchers, who implement these into learning structures, are organically integrated. We need AI that understands physical principles, going beyond simply learning massive amounts of data.""
Based on this execution structure, KAIST plans to establish a clear Value Chain connecting researchers, industrial experts, and corporations. The strategy is to expand Physical AI from lab-scale demonstrations to technologies that solve real-world industrial problems.
Jung Kim, Head of the KAIST Department of Mechanical Engineering, stated, ""We have moved past the era of competing on data volume; now is the time to contemplate how to execute AI in the physical world. Based on KAIST's specific preparations and execution strategies, we will support startups and companies to succeed in the commercialization of Physical AI.""
Meanwhile, the Deep-Tech Scale-up Valley Project plans to step-by-step promote the establishment of a Physical AI platform, startup discovery and investment expansion, the creation of verification testbeds, and the expansion of cooperation networks with global robotics companies.​2026.02.27View285",https://news.kaist.ac.kr/newsen/html/news/?mode=V&mng_no=58790&skey=&sval=&list_s_date=&list_e_date=&GotoPage=1,N/A,en
"Three Generations of ‘Giving DNA’ Meets ‘KAIST DNA’KAIST announced on February 26th that it has received 5.06 billion KRW in development funds, embodying the noble spirit of sharing from a single family. This donation is particularly meaningful as it was completed across three generations: rooted in a grandmother’s legacy, the father decided on the donation, and the daughter put that intention into action.
The donor stated, “I hope the research achievements of KAIST’s young scientists shine brighter than the donor’s name,” and declined all appointment ceremonies or honorary events where their name would be revealed. In accordance with the donor’s wishes, all procedures were conducted simply, and their identity will remain private.
The donor, a Seoul resident in their 70s, achieved success by building a business based on the legacy of their mother, who practiced sharing throughout her life. Recently, they decided to return a portion of their mother’s legacy to society. Having grown up watching their mother practice benevolence, donating was a natural choice. This decision was finalized through the daughter’s concrete execution. The donor’s daughter played a leading role in the entire donation process, serving as a bridge to pass the family’s spirit of sharing down to the next generation.
The donor remarked, “The sharing my mother practiced her whole life was our family’s greatest asset. Now, together with my daughter, I wish to pass that precious value to the leading figures of Korean science.” They added, “If this fund can provide practical help to young scholars, that alone is a sufficiently rewarding thing.”
Our university has decided to establish the ‘Cho Gi-yeop Next-Generation Research Leader Fellowship,’ named after the donor’s mother. The ‘Cho Gi-yeop Fellowship’ is designed as a principal-preserved fund, where the 5 billion KRW principal is maintained and the program is operated using the investment returns. Additionally, expressing the wish to “support young scientists as soon as possible,” the donor contributed an extra 60 million KRW for the first year of the program’s implementation.
Accordingly, starting this year, three ‘Cho Gi-yeop Fellows’ will be selected annually and supported with 20 million KRW each in academic activity expenses for three years. The fellowship is aimed at junior faculty members, specifically assistant and associate professors before tenure. This period is a ‘golden time’ when research capabilities grow explosively and innovative achievements are concentrated, but it is also a time when securing stable research funding is desperately needed. The support funds will be used to enhance research autonomy and scalability, such as for challenging research planning, international academic activities, and the expansion of research infrastructure. KAIST expects this fellowship to serve as a practical foundation for young researchers to make a global leap forward.​2026.02.26View232",https://news.kaist.ac.kr/newsen/html/news/?mode=V&mng_no=58730&skey=&sval=&list_s_date=&list_e_date=&GotoPage=1,N/A,en
"Lotte Group Chairman Dong-Bin Shin Awarded Honorary Doctorate< Chairman Dong-Bin Shin (left) receives the degree certificate from KAIST President Kwang Hyung Lee (right). >
KAIST announced on the 26th that it awarded an Honorary Doctorate in Business Administration to Lotte Group Chairman Dong-Bin Shin at its main campus in Daejeon on the 25th.
Chairman Dong-Bin Shin, who received the Honorary Doctorate in Business Administration, is a leading South Korean business figure who has led sustainable corporate growth amidst a rapidly changing global business environment. As Chairman of Lotte Group, Chairman Shin has stably sophisticated the group's traditional business foundations centered on retail and consumer goods, while concentrating strategic capabilities on core areas that will determine future competitiveness, such as chemicals/materials, eco-friendly energy, and digital transformation.
KAIST stated, “Chairman Dong-Bin Shin has practiced responsible management by taking Environment, Social, and Governance (ESG) as a core pillar of management under the recognition that corporate performance cannot be separated from society,” and added, “We awarded the honorary doctorate in high evaluation of his efforts in materializing industrial transformation and social value creation based on science and technology through systems and execution.” Furthermore, the importance of the process in which the results of technological innovation are practically diffused to society and users, which has been reflected in his management strategy, was also cited as a background for this conferment decision.
Chairman Dong-Bin Shin has contributed to the creation of science and technology research infrastructure and the establishment of a foundation for convergence research through industry-academia cooperation with KAIST. Lotte Group donated 14 billion KRW in development funds to KAIST to establish the ‘LOTTE–KAIST R&D Center’ and the ‘LOTTE–KAIST Design Center,’ thereby laying the groundwork for multidisciplinary convergence research in core areas required by future society, such as carbon neutrality technology, bio-sustainability, energy/materials, and healthcare.
In particular, this cooperation was evaluated as an execution-oriented industry-academia cooperation model that links research infrastructure construction, medium-to-long-term research agenda setting, and the diffusion of research results into industry and society. Along with technical research centered on the R&D Center, the Design Center has played a role in expanding the social usability of technological research by focusing on the process through which research results are delivered to society and users. This has contributed to strengthening KAIST’s research competitiveness and establishing a virtuous cycle in which research results spread as social values.
Chairman Dong-Bin Shin said, ""The convergence of technology and management through industry-academia cooperation is no longer a choice but a survival strategy,"" and added, ""I hope that the journey of Lotte and KAIST, as innovation partners designing the future together, will lead to innovations that change the world for the better.""

< Chairman Dong-Bin Shin delivering a speech after receiving his Honorary Doctorate in Business Administration. >
President Kwang Hyung Lee stated, “Chairman Dong-Bin Shin is a person who has presented a new role for companies through responsible management that connects science and technology, industry, and social value,” and added, “We awarded the Honorary Doctorate in Business Administration in high recognition of his contribution to expanding research infrastructure and building a foundation for convergence research through industry-academia cooperation with KAIST.”​2026.02.26View266",https://news.kaist.ac.kr/newsen/html/news/?mode=V&mng_no=58710&skey=&sval=&list_s_date=&list_e_date=&GotoPage=1,N/A,en
"Department of Industrial Design Signs MOU with Rosso Sungsimdang for Design Education and Research Collaboration< Participants shouting ‘Bread!’ to celebrate the signing of the MOU >
The Department of Industrial Design at KAIST signed a Memorandum of Understanding (MOU) for industry-academic cooperation with Rosso Sungsimdang on February 24, 2026. This agreement was pursued to combine the unique creativity and technical expertise of each field to promote mutual growth and establish a cooperative system to lead innovation in cultural industry design.
The ceremony, held at the KAIST Department of Industrial Design, was attended by Department Head Professor Hyeon-Jeong Suk and 11 faculty members, along with Director Sun Im and three representatives from Rosso Sungsimdang. Through this agreement, the two organizations plan to continue close cooperation on key areas, including: ▲ Joint research on design, content, and service ideas integrating AI and future technologies ▲ Advancement of data management systems for brand, customer, and operations ▲ Research for data-driven strategic decision-making.
Both institutions are expected to lead design innovation in the cultural industry through the operation of regular consultative bodies and joint projects, while continuously showcasing new collaborative models that break the boundaries between industries.​2026.02.26View160",https://news.kaist.ac.kr/newsen/html/news/?mode=V&mng_no=58690&skey=&sval=&list_s_date=&list_e_date=&GotoPage=1,N/A,en
"See You at KAIST: Freshman Keeps His Promise as 2026 Matriculation Ceremony Begins<2026 Undergraduate Matriculation Ceremony>
KAIST announced that it will hold the 2026 Undergraduate Matriculation Ceremony today, February 25, at 10:00 AM in the Auditorium of the Main Campus in Daejeon. The event marks the first step for freshmen who will lead the future of South Korea’s science and technology.
In his welcoming remarks, President Kwang Hyung Lee plans to emphasize that “KAIST is a university built upon a spirit of inquiry that never stops questioning and a drive for challenge that does not fear failure.” He will encourage the students, stating, “I hope you challenge yourselves to your heart's content, and even if you fall, stand back up to blaze new trails that the world has never seen before.”
President Lee will also highlight that the role of talent in science and technology is more critical than ever in this era of massive transformation driven by Artificial Intelligence (AI) and digital transition. He plans to urge students to grow into responsible scientists and engineers who contribute to humanity and society through cooperation and communication, adding, “KAIST will spare no effort in supporting you to ensure your challenges become a reality.”
Marking the 40th class of incoming freshmen, this year’s ceremony will be attended by approximately 1,500 people, including students, parents, and distinguished guests, to celebrate this new beginning.
The speech by Junseop Shin, the student representative taking the podium, begins with the theme of a “promise.” He plans to share how the words “See you at KAIST,” spoken to him by President Kwang Hyung Lee at a defense industry forum three years ago, turned a vague dream into a definitive goal.

<Student Representative Junseop Shin delivering his speech>
Having contemplated his role in an era where science and technology dictate national competitiveness, Shin chose the challenging path of researching “small drone detection technology” instead of a more stable route. Despite numerous failures, frustrations, and discouragement from those around him, he persevered by remembering that promise, eventually achieving a technical breakthrough that garnered attention from international academic societies.
“I learned that keeping a promise isn't about never falling, but about getting back up every time you do,” Shin plans to say, vowing that his new beginning at KAIST will be a journey of fearless challenge.
The ceremony will also introduce the KAIST AI Future Challenge, themed “New and Innovative Ideas for the Future AI Era.” Any KAIST student can participate individually or as a team to tackle future societal issues with creative and feasible ideas. The winning teams will be honored at the “Education Innovation Day” ceremony in May.

<Students taking the matriculation oath>
Following the matriculation ceremony, an orientation will be held to assist students with their first steps into university life. This will include introductions to freshman programs, as well as essential training on community guidelines, mental health services, violence prevention, and safety education to support the students' stable transition into their studies and research.
Furthermore, the three-day “Freshman Start-up (Saenaegi Saerobaumteo)” will feature a diverse range of programs, including club performances, fairs, campus tours, and a welcoming broadcast festival. Freshmen will have the opportunity to experience KAIST culture firsthand and socialize with seniors and peers to shape their vision for university life.​2026.02.25View337",https://news.kaist.ac.kr/newsen/html/news/?mode=V&mng_no=58610&skey=&sval=&list_s_date=&list_e_date=&GotoPage=1,N/A,en
"The long standing commercialization challenge of lithium batteries, often called the dream battery, has been solved.<(From Upper Left) Professor Nam Soon Choi, Professor Seungbum Hong, Professor Sang Kyu Kwak, (From Below Left) y Jeong-A. Lee, Haneul Kang, Yoonhan Cho, Seong Hyeon Kweon, Seonghyun Kim>
As the electric vehicle era enters full scale, demand is increasing for batteries that can travel farther and last longer. Lithium-metal batteries have been attracting attention as a next-generation technology capable of surpassing the capacity limits of existing lithium-ion batteries. However, during the charging process, needle-shaped crystals called “dendrites” grow, shortening battery life and increasing the risk of fire, which has been identified as the biggest obstacle to commercialization. A Korean research team has developed a key technology that can solve this challenge.

KAIST announced on the 24th that the research team led by Prof. Nam-Soon Choi from the Department of Chemical and Biomolecular Engineering and Prof. Seungbum Hong from the Department of Materials Science and Engineering, in collaboration with Prof. Sang Kyu Kwak’s team at Korea University, has developed a technology that resolves the most critical challenge of lithium-metal batteries, “interfacial instability,” at the electronic structure level.
Interfacial instability refers to the phenomenon in which the boundary between the electrode and electrolyte cannot be maintained uniformly during charging and discharging. As a result, lithium grows in needle-like dendrites, which leads to reduced battery cyclability, internal short circuits, and increased Thermal instability. This has been the fundamental cause preventing the commercialization of lithium-metal batteries.
The research team implemented an “intelligent protective layer” that allows lithium ions to move stably along the electrode surface by adding thiophene to the battery electrolyte. This protective layer has the characteristic that its electronic structure rearranges itself.

Like a smart traffic system that adjusts lanes according to traffic flow, the charge distribution inside the protective layer flexibly changes whenever lithium ions move, creating optimal pathways. The research team identified this mechanism through density functional theory (DFT) simulations and confirmed much higher stability compared to existing commercial additives.

As a result, they succeeded in effectively suppressing dendrite growth even under fast-charging conditions and significantly extending battery lifespan.
In addition, the research team directly observed the inside of the battery at the nanometer scale using in-situ atomic force microscopy (AFM). Even under high current conditions, they confirmed that lithium was deposited and removed uniformly on the surface, thereby verifying mechanical stability.

This technology can be applied to various cathode materials currently widely used, including lithium iron phosphate (LiFePO₄), lithium cobalt oxide (LiCoO₂), and lithium nickel–cobalt–manganese oxide LiNixCoyMn1-x-yO₂). Because it is not limited to a specific battery type and can be broadly applied across existing electric vehicle battery systems, it is expected to have significant industrial impact.
This achievement is meaningful in that it presents a breakthrough capable of fundamentally solving the ultra-fast charging problem—which has been the biggest barrier to lithium-metal battery commercialization—by simultaneously enabling fast charging within 12 minutes and high-current operation exceeding 8 mA/cm².
8 mA/cm² refers to a level at which 8 milliamperes of current flow per square centimeter of battery electrode area. In lithium-metal battery research, even around 4 mA/cm² is typically considered a “high current” condition, so this represents more than twice that level and corresponds to operating conditions close to real-world electric vehicle fast charging, rapid acceleration, and high-power driving.
Through this breakthrough, the technology is expected to be applied to various future industries requiring high-performance batteries, including ultra-long-range electric vehicles, urban air mobility (UAM), and next-generation high-density energy storage systems.

Prof. Nam-Soon Choi stated, “This research is not simply a material improvement but an achievement that solves the fundamental problem of batteries by designing the electronic structure,” adding, “It will become a core foundational technology for next-generation electric vehicle batteries that simultaneously achieve fast charging and long lifespan.”
This study was conducted by Jeong-A. Lee, Haneul Kang, Yoonhan Cho, Seong Hyeon Kweon, Seonghyun Kim, Syed Azkar UI Hasan, Minju Song, Saehun Kim, Eunji Kwon, Samuel Seo, Kyoung Han Ryu, Rama K. Vasudevan, Sang Kyu Kwak, Seungbum Hong, and Nam-Soon Choi, and was published on February 2 in the internationally renowned materials and energy journal InfoMat.
Paper title: Conjugation-mediated and polarity-switchable interfacial layers for fast cycling of lithium-metal batteriesDOI: http://doi.org/10.1002/inf2.70126
Meanwhile, this research was conducted with support from Hyundai Motor Company and the mid-career researcher program of the National Research Foundation of Korea.
 
 
​2026.02.25View332",https://news.kaist.ac.kr/newsen/html/news/?mode=V&mng_no=58590&skey=&sval=&list_s_date=&list_e_date=&GotoPage=2,N/A,en
"Developing Technology to Become the Joker in The Dark Knight<(From left) Ph.D. candidate Taewoong Kang, Ph.D candidate Junha Hyung, Professor Jaegul Choo, and Ph.D. candidate Minho Park (From top right square, from left), Ph.D. candidate Kinam Kim, Seoul National University undergraduate researcher Dohyeon Kim>
What if, while watching The Dark Knight, you weren't just observing the Joker on screen, but actually seeing Gotham City through his eyes? The video technology that allows viewers to experience the world through a character's perspective, rather than as a mere observer, is becoming a reality. Researchers at our university have developed a new AI model that generates first-person viewpoint videos from standard footage.
KAIST announced on February 23rd that Professor Jaegul Choo’s research team at the Kim Jaechul Graduate School of AI has developed 'EgoX,' an AI model that utilizes observer-perspective (exocentric) video to precisely generate the scenes that a person in the video would actually be seeing.
With the rapid advancement of Augmented Reality (AR), Virtual Reality (VR), and AI robotics, the importance of ""egocentric video""—which captures scenes as one directly sees them—is growing. However, obtaining high-quality first-person footage previously required users to wear expensive action cameras or smart glasses. Furthermore, there were significant technical limitations in naturally converting existing standard (third-person or exocentric) video into a first-person perspective.
A key feature of this technology is that it goes beyond simply rotating the screen; it comprehensively understands the person's position, posture, and the 3D structure of the surrounding space to reconstruct the first-person viewpoint.

< Example of converting a third-person perspective video into a first-person perspective video >
Existing technologies often only converted still images or required footage from four or more cameras. Additionally, they frequently suffered from awkward visual artifacts in videos with complex lighting or rapid movement.
In contrast, EgoX can generate high-quality first-person video from just a single third-person video source. Specifically, the research team succeeded in realistically implementing natural shifts in vision—such as when a person turns their head—by precisely modeling the correlation between head movement and the actual field of view.
This technology demonstrated stable performance across various daily scenarios, including cooking, exercising, and working, without being limited to specific environments. It is being evaluated as a breakthrough that opens new possibilities for securing high-quality first-person data from existing video archives without the need for wearable devices.
EgoX is expected to have a significant impact across various industries. In the fields of AR, VR, and the Metaverse, it can maximize user experience by transforming standard videos into immersive content that makes users feel as if they are experiencing the scene firsthand.
Furthermore, it is projected to contribute to the fields of robotics and AI training by serving as core data for ""Imitation Learning,"" where robots learn by watching human actions. New types of video services, such as switching sports broadcasts or vlogs to the perspective of the athlete or the protagonist, are also anticipated.

< EgoX technology that converts a third-person perspective into a first-person perspective (AI-generated image) >
Distinguished Professor Jaegul Choo stated, ""This research is significant in that AI has moved beyond simple video conversion to learning and reconstructing human 'vision' and 'spatial understanding.' We expect an environment to open up where anyone can create and experience immersive content using only previously recorded videos."" He added, ""KAIST will continue to secure global competitiveness in the field of generative AI-based video technology.""
This research was led by first authors Taewoong Kang, Kinam Kim, and Dohyeon Kim . The paper was pre-released on arXiv on December 9, 2025, garnering significant attention from AI industry giants like NVIDIA and Meta, as well as academia. It is scheduled for official presentation at the IEEE/CVF Conference on Computer Vision and Pattern Recognition (CVPR), an international academic conference to be held in Colorado, USA, on June 3, 2026.
Paper Title: EgoX: Egocentric Video Generation from a Single Exocentric Video Paper Link: https://keh0t0.github.io/EgoX/

Meanwhile, this research was supported by the Ministry of Science and ICT through the National Research Foundation of Korea's individual basic research project, ""Research on User-Centered Content Generation and Editing Technology through Generative AI,"" and the Supercomputer No. 5 High-Performance Computing-based R&D Innovation Support project, ""Research on Video Filming Viewpoint Conversion Based on Diffusion Models.""​2026.02.23View269",https://news.kaist.ac.kr/newsen/html/news/?mode=V&mng_no=58530&skey=&sval=&list_s_date=&list_e_date=&GotoPage=2,N/A,en
"Formosa Group Chairman Ruey-Yu Wang Awarded Honorary DoctorateKAIST (President Kwang Hyung Lee) announced that it conferred an Honorary Doctorate in Business Administration upon Ruey-Yu Wang, Executive Management Committee Member of Formosa Group and Chairman of Formosa Biomedical Technology Corporation, at its 2026 Commencement Ceremony held on February 20th.
As the recipient of the honorary degree, Chairman Wang has carried forward the management philosophy of the late Formosa Group founder Yung-Ching Wang, placing corporate sustainability and social responsibility at the core of her leadership while guiding the group’s strategic transformation and growth. Moving beyond its traditional petrochemical manufacturing base, she has expanded the group’s business portfolio into future-oriented industries such as biotechnology, clean energy, energy storage systems (ESS), and resource recycling, practicing long-term, forward-looking management.
KAIST stated, “Chairman Wang has presented a sustainable corporate growth model in which science and technology, industry, and talent cultivation are organically integrated, based on the belief that industrial growth and social responsibility cannot be separated.” KAIST added, “In particular, we are honored to recognize her contributions toward establishing a mid-to-long-term foundation for collaboration centered on biomedical research through strategic partnerships with KAIST, as well as toward expanding research infrastructure in life science and technology and fostering international joint research platforms.”
As part of this collaboration, Chairman Wang played a key role in building a joint research framework between major medical institutions and universities affiliated with Formosa Group and KAIST’s College of Life Science and Bioengineering. The resulting “KAIST–Formosa Biomedical Research Center” serves as a hub for multidisciplinary and international collaborative research, supporting mid- to long-term biomedical research initiatives and enhancing KAIST’s research competitiveness and global standing.
She also institutionalized mechanisms to reinvest corporate achievements into society and has made sustained, long-term investments in research and talent development, thereby fostering a virtuous cycle in which scientific and technological achievements translate into industrial and societal impact. These efforts have been widely recognized as exemplary contributions that go beyond the traditional scope of corporate management, advancing human welfare and promoting a sustainable society through science and technology.
Chairman Wang remarked, “I am deeply honored to receive an Honorary Doctorate in Business Administration from KAIST. I strongly resonate with KAIST’s values and philosophy of contributing to humanity and building a sustainable future through science, technology, and research.”
She added, “I hope that the young talents at KAIST will lead sustainable development for humanity through science and technology. I will continue to support research and talent development over the long term to help create a virtuous cycle in which scientific and technological innovations are translated into industry and society.”
President Kwang Hyung Lee stated, “Chairman Wang has exemplified socially responsible leadership through industry strategies centered on science and technology. We deeply appreciate her substantive support for expanding research infrastructure and strengthening international collaboration through a strategic partnership with KAIST, and we are honored to welcome her as a member of the KAIST family.”​2026.02.21View628",https://news.kaist.ac.kr/newsen/html/news/?mode=V&mng_no=58410&skey=&sval=&list_s_date=&list_e_date=&GotoPage=2,N/A,en
"2026 KAIST Commencement: Shining Their Own Light on Their Respective StagesKAIST (President Kwang Hyung Lee) announced that it held its 2026 Commencement Ceremony at 2 p.m. on February 20th at the Sports Complex on its Main Campus in Daejeon.
At this year’s ceremony, a total of 3,334 graduates received degrees, including 817 doctoral, 1,792 master’s, and 725 bachelor’s degrees. Since its founding in 1971, KAIST has now produced a total of 84,490 highly qualified science and technology professionals, including 18,130 Ph.D. recipients, 43,358 master’s graduates, and 23,002 bachelor’s graduates.
KAIST selected three representative graduates who embody the university’s vision of talent. They are Seunghyun Ryu (Department of Bio and Brain Engineering), the doctoral representative known as the “pianist neuroscientist” for his interdisciplinary research bridging brain science and piano performance; Jeanne Choi (School of Computing), the master’s representative who has pursued warm and inclusive technologies for socially vulnerable groups under the themes of accessibility and inclusion; and Mert Yakup Baykan (Department of Aerospace Engineering), the bachelor’s representative from Cyprus holding Turkish nationality, who became the first international recipient of the KAIST Presidential Scholarship.
Seunghyun Ryu, selected as both the doctoral representative and one of the notable graduates, spent 14 years at KAIST completing his undergraduate through doctoral studies while balancing research and music. He organized and managed performances through the campus piano club “PIAST,” expanding artistic activities within the campus community. His research explored the inverse relationship between Alzheimer’s disease and cancer, revealing how disease-related proteins and anticancer drugs act in neurons and offering new perspectives on inter-disease connections.
Jeanne Choi, the master’s representative and another notable graduate, presented research at AAATE 2023 in Paris, analyzing the experiences of visually impaired users engaging with the metaverse and artificial intelligence. Accompanying a visually impaired professor during the conference, Choi gained firsthand insight into mobility and safety challenges, which further expanded the scope of her research. Choi has since continued field-based research, including serving as a teaching assistant at AI and coding camps for visually impaired youth, and plans to pursue a doctoral degree while continuing research for socially vulnerable communities.
Bachelor’s representative Mert Yakup Baykan actively participated in research during his undergraduate studies, publishing four SCI-indexed papers and delivering five conference presentations. He was also selected as a visiting student researcher at King Abdullah University of Science and Technology (KAUST) in Saudi Arabia, gaining international collaborative research experience. As the first international KAIST Presidential Scholar, he plans to pursue a Ph.D. at Stanford University and grow into a leading researcher in space propulsion and combustion.

Awards for outstanding graduates were also presented. Seohyeon Kang (B.S., Brain and Cognitive Sciences) received the Minister of Science and ICT Award (Deputy Prime Minister’s Award). The Chairman of the Board Award was presented to Thai international student Punn Lertjaturaphat (B.S., Industrial Design). The President’s Award went to Kyeongmin Yeo (B.S., School of Computing), while the Alumni Association President’s Award and the KAIST Development Foundation Chairman’s Award were presented to Wonwoo Yoo (B.S., Aerospace Engineering) and Sungbeen Park (B.S., Nuclear and Quantum Engineering), respectively. Hyuk-chae Koo, 1st Vice Minister of Science and ICT, presented the awards on behalf of the Deputy Prime Minister and Minister of Science and ICT.
Seohyeon Kang developed a technology to measure key proteins related to Parkinson’s disease without surgery or tissue damage, opening new possibilities in brain disease research, and was recognized as a model graduate who combined academic excellence with community service. Punn Lertjaturaphat gained recognition at prestigious international conferences such as ACM CHI and co-founded a startup addressing rural elderly care issues, demonstrating creativity in solving social problems through technology and design.
Kyeongmin Yeo published six research papers at leading AI conferences including NeurIPS, ICLR, and CVPR, proposing new theoretical approaches to image generation and demonstrating outstanding academic achievement as a young researcher.
Wonwoo Yoo led the overseas volunteer corps and served as student representative, combining leadership with academic excellence, including winning a grand prize in a rocket launch competition. Sungbeen Park proposed a next-generation beta battery concept, linking it to patents and entrepreneurship, while contributing to public communication and outreach in nuclear technology as student council president and university ambassador.
Commencement addresses were delivered by Dongjae Kang (B.S., Industrial and Systems Engineering) and Gul Osman (Ph.D., Mechanical Engineering), an international student from Türkiye. Kang reflected on how he learned science not merely as an avenue for problem-solving but as a process for exploring the deeper meaning behind phenomena, pledging to remain attentive to unseen challenges faced by others. Osman shared his journey of nurturing his passion for science while working in a factory under difficult economic circumstances, emphasizing that opportunities open to those who persist without giving up. He began his academic journey in Korea through the Korean Government Scholarship Program.
This year, KAIST also spotlighted three notable graduates who forged their own paths encompassing research, the arts, and social value: Seunghyun Ryu, Jeanne Choi, and Daehui Kim (B.S., Civil and Environmental Engineering). Kim led campus environmental organizations and community-based environmental campaigns, earning an Environmental Contribution Award. He plans to pursue a master’s degree focusing on carbon dioxide geological storage research. He also performs as the vocalist of the KAIST metal band “INFINITE,” continuing to balance music and research.
During the ceremony, an Honorary Doctorate in Business Administration was conferred upon uey-Yu Wang, Executive Management Committee Member of Formosa Group and Chairman of Formosa Biomedical Technology Corporation.

President Kwang Hyung Lee encouraged the graduates, saying, “Cherish your dreams, seize opportunities, do not fear failure, and continue to challenge yourselves. I hope you will shine in your own way on your own stage and contribute to society as proud members of the KAIST community.”​2026.02.21View1059",https://news.kaist.ac.kr/newsen/html/news/?mode=V&mng_no=58350&skey=&sval=&list_s_date=&list_e_date=&GotoPage=2,N/A,en
"KAIST Breaks Ground on 'Innovative Digital Institute of Medical Science' to Cultivate Physician-Scientists and Medical Engineers<Groundbreaking Ceremony for the Innovative Digital Institute of Medical Science>


The success of the AI and bio-health industries depends on how many convergence-oriented talents, who understand both medicine and science/technology simultaneously, can be secured. While major global universities are accelerating the establishment of medical schools and convergence education, our university has officially commenced the construction of core infrastructure that will determine South Korea's bio-health competitiveness.
KAIST announced on February 19th that the Graduate School of Medical Science and Engineering held a groundbreaking ceremony for the ‘Innovative Digital Institute of Medical Science,’ a key infrastructure that will lead the future of the Korean bio-health industry, and has begun full-scale construction.
The Innovative Digital Institute of Medical Science, to be built at the KAIST Munji Campus, is a project designed to support the national development goal of ‘Realizing a Powerhouse in Medical AI, Pharmaceuticals, and Bio-health’ by fostering key talent and establishing an innovative startup infrastructure. A total project cost of 42.232 billion KRW will be invested through cooperation between the government, Daejeon City, and KAIST. It is being constructed with a total floor area of approximately 10,000 square meters (3,025 pyeong) and is scheduled for completion in November 2027.
Through the establishment of this institute, our university expects to create a foundation to expand the scale of physician-scientist training from the current level of about 20 per year to 50–70 per year, which accounts for approximately 50% of the national demand. Through this, we plan to establish a full-cycle support system so that convergence-type talents, who possess medical and clinical experience as well as science, technology, and AI capabilities, can grow into leading figures in the development of innovative new drugs, vaccines, and medical devices.
This talent cultivation strategy is also in line with global trends. Convergence models of science/engineering and medicine are spreading around global science and technology universities, such as the approval for the new medical school at the Hong Kong University of Science and Technology (November 2025), the merger between Tokyo Institute of Technology and Tokyo Medical and Dental University (October 2024), and the establishment and operation of the medical school at Nanyang Technological University in Singapore. This demonstrates the strategic importance of cultivating physician-scientists and medical engineers who will lead the future bio-health industry.
In contrast, the proportion of medical school graduates in Korea entering the fields of physician-scientists or medical engineers remains below 1%, leading to concerns about a decline in future bio-health competitiveness due to a shortage of manpower.
The Innovative Digital Institute of Medical Science will feature advanced research and support facilities, including an AI Precision Medicine Platform Research Center, a Data-driven Convergence Healthcare R&D Center, an Advanced Biomedical Data Analysis Center, a Digital Medical-Bio Open Lab, and open networking halls and seminar rooms.
In particular, the 6th floor, the top floor, will host the Daejeon Bio-Medical Venture Cluster. Similar to ‘LabCentral’ in Boston, USA, this is planned to be operated as an open innovation space where high-cost research equipment can be shared not only by KAIST researchers but also by researchers from government-funded research institutes in the Daedeok Innopolis and bio-medical startups, allowing them to share research results and technologies and collaborate freely.
The Innovative Digital Institute of Medical Science is expected to serve as an innovation hub that supplements the structural limitations of the Daejeon Bio Cluster, moving beyond being a simple education and research facility. Leading domestic bio companies such as Alteogen, LigaChem Bio, and Peptron are concentrated nearby, and the site is adjacent to the ‘Wonchon-dong Advanced Bio-Medical Innovation District’ being promoted by Daejeon City, providing an ecosystem where industry, academia, research, and hospitals are organically connected.
KAIST plans to use this to vitalize translational research that connects clinical demands from hospitals with basic research from the university, and to promote the development of medical AI and digital data-based technologies to continuously create success stories of physician-scientist startups such as Sovagen and Enocras.
Kwang Hyung Lee, President of KAIST, stated, “The KAIST Innovative Digital Institute of Medical Science will become a core base for the future AI digital health industry, growing science and engineering talents into physician-scientists and medical engineers. Through translational research and startups based on industry-academia-research-hospital cooperation, we will enhance national bio-health industrial competitiveness and contribute to the promotion of human health.”

<Bird’s-Eye View of the Innovative Digital Medical Science Institute>​2026.02.19View699",https://news.kaist.ac.kr/newsen/html/news/?mode=V&mng_no=58370&skey=&sval=&list_s_date=&list_e_date=&GotoPage=2,N/A,en
"KAIST Overcomes Limitations of Existing Image Sensors… Clear Colors Even Under Oblique Light<(From Left) Ph.D candidate Chanhyung Park from Electrical Engineering, Jaehyun Jeon from Department of Physics, Professor Min Seok Jang from Electrical Engineering>
Smartphone cameras are becoming smaller, yet photos are becoming sharper. Korean researchers have elevated the limits of next-generation smartphone cameras by developing a new image sensor technology that can accurately represent colors regardless of the angle at which light enters. The team achieved this by utilizing a “metamaterial” that designs the movement of light through structures too small to be seen with the naked eye.
KAIST (President Kwang Hyung Lee) announced on the 12th of February that a research team led by Professor Min Seok Jang of the School of Electrical Engineering, in collaboration with Professor Haejun Chung’s team at Hanyang, has developed a metamaterial-based technology for image sensors that can stably separate colors even when the angle of light incidence varies.
Conventional smartphone cameras capture images by concentrating light into a small lens. However, as camera pixels become extremely small, lenses alone struggle to gather sufficient light. To address this, the Nanophotonic Color Router was introduced. Instead of concentrating light through a lens, this technology uses microscopic structures invisible to the eye to precisely separate incoming light by color. By designing the pathways through which light travels, this metamaterial-based structure accurately divides light into red (R), green (G), and blue (B).
Samsung Electronics has already demonstrated the commercialization potential of this technology by applying it to actual image sensors under the name “Nano Prism.” Theoretically, stacking multiple layers of extremely fine nanostructures enables greater light collection and more accurate color separation.

<Nanophotonic color router technology that works reliably even under oblique incidence conditions (AI-generated image)>
However, existing Nanophotonic Color Routers had limitations. While they functioned well when light entered vertically, their performance deteriorated significantly—or colors mixed—when light entered at an angle, as is common in smartphone cameras. This issue, known as the “oblique incidence problem,” has been considered a critical challenge that must be resolved for real-world product applications.
The research team first investigated the root cause of this issue. They found that previous designs were overly optimized for vertically incident light, causing performance to drop sharply even with slight changes in the angle of incidence. Since smartphone cameras receive light from various angles, maintaining performance under angular variation is essential.
Instead of manually designing the structure, the team adopted an “inverse design” approach, which allows the computer to autonomously determine the optimal structure. Through this method, they derived a color router design capable of stable color separation even when the angle of incoming light changes.
As a result, whereas previous structures nearly failed when light was tilted by about 12 degrees, the newly designed structure maintained approximately 78% optical efficiency within a ±12-degree range, demonstrating stable color separation performance. In other words, the technology reaches a level suitable for practical smartphone usage environments.

<Nanophotonic color router robust to oblique incidence>
The team further analyzed performance variations by considering factors such as the number of metamaterial layers, design conditions, and potential fabrication errors. They also systematically defined the limits of robustness against changes in the angle of incidence. This study is particularly meaningful in that it presents design criteria for color routers that reflect realistic image sensor environments.
Professor Min Seok Jang of KAIST stated, “This research is significant in that it systematically analyzes the oblique incidence problem, which has hindered the commercialization of color router technology, and proposes a clear solution direction,” adding, “The proposed design methodology can be extended beyond color routers to a wide range of metamaterial-based nanophotonic devices.”
In this study, KAIST undergraduate student Jaehyun Jeon and doctoral candidate Chanhyung Park participated as co-first authors. The research findings were published on January 27 in the international journal Advanced Optical Materials.
※ Paper title: “Inverse Design of Nanophotonic Color Router Robust to Oblique Incidence”
DOI: https://doi.org/10.1002/adom.202501697※ Authors: Jaehyun Jeon (KAIST, first author), Chanhyung Park (KAIST, first author), Doyoung Heo (KAIST), Haejun Chung (Hanyang University), Min Seok Jang (KAIST, corresponding author)
This research was supported by the Ministry of Trade, Industry & Energy (Korea Institute for Advancement of Technology, Korea Semiconductor Research Consortium) under the project “Design Technology of Meta-Optical Structures for Next-Generation Sensors,” by the Ministry of Science and ICT (National Research Foundation of Korea) under the projects “Development of Full-Color Micro LED Devices and Panels Based on Beam-Steerable High-Color-Purity Meta Color Conversion Layers” and “Development of a Real-Time Zero-Energy Argos-Eye Metasurface Network Computing with All Properties of Light,” and by the Ministry of Culture, Sports and Tourism (Korea Creative Content Agency) under the project “International Joint Research for Next-Generation Copyright Protection and Secure Content Distribution Technologies.”​2026.02.19View595",https://news.kaist.ac.kr/newsen/html/news/?mode=V&mng_no=58330&skey=&sval=&list_s_date=&list_e_date=&GotoPage=2,N/A,en
"Professor Kyung-Jin Lee of the Department of Physics Selected for the KAISTian of the Year’ Award< Professor Kyung-Jin Lee at the ceremony >

KAIST announced on February 12th that it has selected Professor Kyung-Jin Lee from the Department of Physics as the recipient of the ‘KAISTian of the Year’ award in celebration of the university's 55th anniversary. Established in 2001, the ‘KAISTian of the Year’ award is the university’s highest honor, presented to members who have significantly enhanced KAIST's global prestige through exceptional academic and research milestones.
As the 25th recipient of this award, Professor Kyung-Jin Lee was recognized for his groundbreaking work in identifying the phenomenon of ‘Quantum Spin Pumping,’ effectively overturning 30-year-old conventional assumptions in spin transfer theory. While existing theories treated spin as a classical physical quantity, Professor Lee focused on the fact that spins within materials possess intrinsic quantum properties, much like electrons. To verify this, he researched Iron-Rhodium (FeRh), a magnetic material where spin magnitude changes abruptly under specific conditions. He became the first to observe a quantum transition in which the spin magnitude of Rhodium (Rh) atoms increased suddenly rather than gradually, theorizing that this very change serves as a new mechanism for inducing electron movement. Experimental data showed that this effect is more than 10 times greater than what previous theories had predicted. This achievement is hailed as a major breakthrough that redefines the core premises of spin transfer theory and provides a vital theoretical foundation for next-generation ultra-low-power magnetic memory and quantum information devices. The study gained worldwide acclaim following its publication in the journal ‘Nature’ last year.
The anniversary ceremony also honored 58 faculty members for their excellence in education, research, and international cooperation. Professor Wonho Choe of the Department of Nuclear and Quantum Engineering received the ‘Academic Achievement Grand Prize’ for his world-first identification of physical phenomena in low-temperature atmospheric pressure plasma and his contributions to medical and space technologies. The ‘Creative Teaching Grand Prize’ went to Professor Hyung-soo Kim of the Department of Mechanical Engineering for his innovative sports fluid mechanics curriculum. Professor Park Bum-soon of the Graduate School of Science and Technology Policy was awarded the ‘Outstanding Teaching Grand Prize’ for his interdisciplinary ‘Anthropocene Humanities’ courses that bridge science, art, and policy.
Furthermore, Professor Hyeon-Min Bae of the School of Electrical Engineering received the ‘Distinguished Service Grand Prize’ for his leadership in accelerating deep-tech prototyping and fostering a robust startup ecosystem. Professor Shin-Hyun Kim of the Department of Chemical and Biomolecular Engineering was honored with the ‘International Cooperation Grand Prize’ for establishing the T2KN consortium between Korea, Japan, China, and ASEAN, facilitating global academic exchange for over 120 students.
KAIST President Kwang-Hyung Lee stated, “The true spirit of KAIST lies in the dedication of our members who venture into uncharted territories and strive to transcend existing limits. I hope today serves as a moment for all our members to share in the joy and celebrate the remarkable achievements of our awardees.”​2026.02.12View458",https://news.kaist.ac.kr/newsen/html/news/?mode=V&mng_no=58270&skey=&sval=&list_s_date=&list_e_date=&GotoPage=2,N/A,en
"KAIST Uses Sandpaper to Polish Semiconductors… Opening a New Path for AI Semiconductor Processing<(From Left) Dr. Sukkyung Kang, Professor Sanha Kim from Department of Mechanical Engineering> 
The performance and stability of smartphones and artificial intelligence (AI) services depend on how uniformly and precisely semiconductor surfaces are processed. KAIST researchers have expanded the concept of everyday “sandpaper” into the realm of nanotechnology, developing a new technique capable of processing semiconductor surfaces uniformly down to the atomic level. This technology demonstrates the potential to significantly improve surface quality and processing precision in advanced semiconductor processes such as high-bandwidth memory (HBM).
KAIST (President Kwang Hyung Lee) announced on the 11th of February that a research team led by Professor Sanha Kim of the Department of Mechanical Engineering has developed a “nano sandpaper” that utilizes carbon nanotubes—tens of thousands of times thinner than a human hair—as abrasive materials. This technology enables more precise surface processing than existing semiconductor manufacturing processes, while also reducing environmental burdens generated during fabrication, presenting a new planarization technique.

< Nano Sandpaper AI-Generated Image > 
Although sandpaper is a familiar tool used to smooth surfaces by rubbing, it has been difficult to apply it to fields such as semiconductors, where extremely precise surface processing is required. This limitation arises because conventional sandpaper is manufactured by attaching abrasive particles with adhesives, making it difficult to uniformly secure extremely fine particles.
To overcome such limitations, the semiconductor industry has adopted a planarization process known as chemical mechanical polishing (CMP), which uses a chemical slurry in which abrasive particles are dispersed in liquid. However, this method requires additional cleaning steps and generates large amounts of waste, making the process complex and environmentally burdensome.
To address these issues, the research team extended the concept of sandpaper to the nanoscale. By vertically aligning carbon nanotubes, fixing them inside polyurethane, and partially exposing them on the surface, they implemented a “nano sandpaper.” This structure structurally suppresses abrasive detachment, eliminating concerns about surface damage and maintaining stable performance even after repeated use.
The nano sandpaper developed in this study achieves an abrasive density approximately 500,000 times higher than that of the finest commercially available sandpaper. The precision of sandpaper is expressed in terms of “abrasive density (grit number),” which indicates how densely abrasive particles are arranged on the surface. While everyday sandpaper typically ranges from 40 to 3000 grit, the nano sandpaper exceeds 1,000,000,000 grit. Through this extremely dense structure, surfaces could be processed with precision down to several nanometers—equivalent to the thickness of only a few atoms.
The effectiveness of the nano sandpaper was confirmed through experiments. Rough copper surfaces were polished to a smoothness at the nanometer level, and in semiconductor pattern planarization experiments, the technique reduced dishing defects by up to 67% compared with conventional CMP processes. Dishing defects refer to the phenomenon in which the center of interconnect lines becomes recessed, a major defect affecting the performance and reliability of advanced semiconductors such as HBM.
In particular, because the abrasive materials are fixed on the sandpaper surface, the technology does not require continuous supply of slurry solutions as in conventional processes. This reduces cleaning steps and eliminates waste slurry, presenting the possibility of transitioning semiconductor manufacturing toward more environmentally friendly processes.

< Nano Sandpaper Schematic Diagram > 

< Detailed Image of Nano Sandpaper >
The research team expects that this technology can be applied to advanced semiconductor planarization processes such as HBM used in AI servers, as well as to hybrid bonding processes, which are gaining attention as next-generation semiconductor interconnection technologies. The study is also significant in that it expands the everyday concept of sandpaper into nano-precision processing technology, suggesting the possibility of securing core technologies required for semiconductor manufacturing.
Professor Sanha Kim stated, “This is an original study demonstrating that the everyday concept of sandpaper can be extended to the nanoscale and applied to ultra-fine semiconductor manufacturing,” adding, “We hope this technology will lead not only to improved semiconductor performance but also to environmentally friendly manufacturing processes.”
In this study, Dr. Sukkyung Kang of the Department of Mechanical Engineering participated as the first author. The research was recognized for its excellence by receiving the Gold Prize (1st place) in the Mechanical Engineering Division at the 31st Samsung Human Tech Paper Award, hosted by Samsung Electronics. The findings were published online on January 8, 2026, in the international journal Advanced Composites and Hybrid Materials (IF 21.8). 
※ Paper title: “Carbon nanotube sandpaper for atomic-precision surface finishing”
DOI: https://doi.org/10.1007/s42114-025-01608-3
This research was supported by the National Research Foundation of Korea (Mid-Career Researcher Program; Ministry of Science and ICT, NRF, RS-2025-00560856), the Glocal Lab Program (Ministry of Education, NRF, RS-2025-25406725), the InnoCORE Program (Ministry of Science and ICT, NRF, N10250154), and the KAIST Up Program.
 ​2026.02.11View748",https://news.kaist.ac.kr/newsen/html/news/?mode=V&mng_no=58230&skey=&sval=&list_s_date=&list_e_date=&GotoPage=2,N/A,en
"AI that Understands Chemical Principles... Accelerating the Development of New Drugs and Materials<(From top left) Professor Woo Youn Kim (KAIST), Dr. Jeheon Woo (KISTI), Dr. Seonghwan Kim (KAIST), and Jun Hyeong Kim (PhD candidate)>
Whether a smartphone battery lasts longer or a new drug can be developed to treat incurable diseases depends on how stably the atoms constituting the material are bonded. The core of 'molecular design' lies in finding how to arrange these countless atoms to form the most stable molecule. Until now, this process has been as difficult as finding the lowest valley in a massive mountain range, requiring immense time and costs. Researchers at KAIST have developed a new technology that uses artificial intelligence to solve this process quickly and accurately.
KAIST announced on February 10th that Professor Woo Youn Kim's research team in the Department of Chemistry has developed 'Riemannian DenoisingModel (R-DM),' an artificial intelligence model that understands the physical laws governing molecular stability to predict structures.
The most significant feature of this model is that it directly considers the 'energy' of the molecule. While existing AI models simply mimicked the shape of molecules, R-DM refines the structure by considering the forces acting within the molecule. The research team represented the molecular structure as a map where higher energy is depicted as hills and lower energy as valleys, designing the AI to move toward and find the valleys with the lowest energy.
R-DM completes the molecule by navigating this energy landscape, avoiding unstable structures to find the most stable state. This applies the mathematical theory of 'Riemannian geometry,' resulting in the AI learning the fundamental law of chemistry: 'matter prefers the state with the lowest energy.'
Experimental results showed that R-DM achieved up to 20 times higher accuracy than existing AI models, reducing prediction errors to a level nearly indistinguishable from precise quantum mechanical calculations. This represents the world's highest level of performance among AI-based molecular structure prediction technologies.

<Comparison of energy landscapes in Euclidean space and Riemannian space>
This technology can be utilized in various fields, including new drug development, next-generation battery materials, and high-performance catalyst design. It is expected to serve as an 'AI simulator' that will dramatically speed up research and development by significantly shortening the molecular design process, which previously took a long time. Furthermore, it has great potential in environmental and safety fields, as it can quickly predict chemical reaction paths in situations where experiments are difficult, such as chemical accidents or the spread of hazardous substances.
Professor Woo Youn Kim stated, ""This is the first case where artificial intelligence has understood the basic principles of chemistry and judged molecular stability on its own. It is a technology that can fundamentally change the way new materials are developed.""

<Image of Riemannian Diffusion Model application (AI-generated image)>
This study was led by Dr. Jeheon Woo from the KISTI Supercomputing Center and Dr. Seonghwan Kim from the KAIST Innovative Drug Discovery Research Group as co-first authors. The research results were published on January 2nd in the world-renowned academic journal Nature Computational Science.
※ Paper Title: Riemannian Denoising Model for Molecular Structure Optimization with Chemical Accuracy, DOI: 10.1038/s43588-025-00919-1
Meanwhile, this research was conducted with the support of the Chemical Accident Prediction-Prevention Advanced Technology Development Project of the Korea Environmental Industry & Technology Institute, the Science and Technology Institute InnoCore Project of the Ministry of Science and ICT, and the Data Science Convergence Talent Cultivation Project conducted by the National Research Foundation of Korea with support from the Ministry of Science and ICT.
 ​2026.02.10View901",https://news.kaist.ac.kr/newsen/html/news/?mode=V&mng_no=58190&skey=&sval=&list_s_date=&list_e_date=&GotoPage=2,N/A,en
"KAIST NYU Host AI Governance Summit in New York< KAIST Professor Kyung Ryul Park delivering a keynote speech >

KAIST announced on February 9th that the KAIST-NYU AI and Digital Governance Summit, co-hosted with New York University (NYU), was held at NYU in New York from February 6 to 7 (local time). Amid the rapidly expanding impact of Artificial Intelligence (AI) across society, this summit was designed to combine private consensus meetings with public discussions to seek practical AI governance solutions that harmonize technological innovation with safety and ethical responsibility.

The summit was attended by 60 global AI governance leaders representing academia, industry, and civil society, including NYU professors Matthew Liao and David Chalmers, Victoria Nash (Director of the Oxford Internet Institute), Professor Vincent Conitzer (Carnegie Mellon University), Iason Gabriel (Principal Scientist at Google DeepMind), and Philip Goldberg (former U.S. Ambassador to South Korea). In particular, the public discussion on the second day drew high interest, with approximately 450 audience members in attendance.

< Brad Carson, U.S. Representative for Responsible Innovation and former U.S. Congressman, delivering a keynote speech >

This event garnered attention as an 'experimental consensus model' aimed at deriving an actionable AI governance framework beyond a simple forum. KAIST’s Global Center for Open Development with Evidence-based Strategies (G-CODEs) and the NYU Center for Bioethics had formed three working groups—Governance Requirements, Institutional Architecture, and Implementation Pathways—since last December to conduct preliminary discussions. At the New York site, practice-oriented recommendations were derived through intensive consensus-style discussions and voting.

In the Governance Requirements session, the need for enhanced oversight and monitoring of high-risk AI systems was discussed. In the ‘Institutional Architecture’ session, principles for designing AI oversight bodies were reviewed, referencing existing high-risk technology oversight models such as the FDA, IRB, and FAA. In the Implementation Pathways session, short-term governance tools and corporate responsibility standards that could be applied even during the current gap in international regulation were addressed as key issues.

Major global Big Tech experts from Meta, Google DeepMind, IBM, Amazon, Anthropic, TikTok and Hugging Face participated in the summit. From KAIST, researchers including Prof. So Young Kim , Prof. Kyung Ryul Park, and Prof. Hyungjun Kim shared Korea’s research achievements in AI governance.his event was conducted with support from the Korea Foundation’s (KF) international collaborative research program.
Professor Kyung Ryul Park of KAIST stated, “This summit was a meaningful attempt to expand AI governance beyond technical regulation into a matter of international cooperation and institutional design. Through the cooperation between KAIST and NYU, we will build a foundation for Korea to lead global AI governance discussions.”
KAIST President Kwang Hyung Lee remarked, “The importance of governance discussions for responsible AI innovation is growing. KAIST will continue to lead interdisciplinary research and policy discussions in the field of AI governance through international partnerships.”

< Sebastien Krier, AI Policy Lead at Google DeepMind, speaking >​2026.02.09View771",https://news.kaist.ac.kr/newsen/html/news/?mode=V&mng_no=58112&skey=&sval=&list_s_date=&list_e_date=&GotoPage=2,N/A,en
"Capturing the Instant of Electrical Switching, Paving the Way for Next-Gen Memory Material Innovation< (From left) Ph.D candidate Changhwan Kim, Ph.D candidate Seunghwan Kim , Ph.D candidate Namwook Hur, Professor Joonki Suh, Ph. D candidate Youngseok Cho>
As artificial intelligence advances, computers demand faster and more efficient memory. The key to ultra-high-speed, low-power semiconductors lies in the ""switching"" principle—the mechanism by which memory materials turn electricity on and off. A South Korean research team has successfully captured the elusive moment of switching and its internal operational principles by momentarily melting and freezing materials within a nanoscale electronic device. This study provides a foundational blueprint for designing next-generation memory materials that are faster and consume less power based on fundamental principles.
On February 8th, the research team led by Professor Joonki Suh from our department (Chemical and Biomolecular Engineering), in collaboration with Professor Tae-Hoon Lee’s team from Kyungpook National University, announced the development of an experimental technique capable of real-time monitoring of electrical switching processes and phase changes within nano-devices—phenomena that were previously difficult to observe.
To verify the electrical switching, the team applied a method of instantaneous melting followed by rapid cooling (quenching). Through this, they succeeded in stably implementing amorphous tellurium (a-Te)—a state where tellurium is disordered like glass—within a nano-device much smaller than a human hair. Tellurium is typically sensitive to heat and changes properties easily when current is applied; however, in its amorphous state, it is garnering significant attention as a core material for next-generation memory due to its speed and energy efficiency. *Tellurium (Te): A metalloid element possessing properties of both metals and non-metals.

< Illustration of the experiment involving instantaneous melting and freezing in a memory electronic device (AI-generated image) >
Through this study, the team specifically identified the threshold voltage and thermal conditions at which switching begins, as well as the segments where energy loss occurs. Based on these findings, they observed stable and high-speed switching even while reducing heat generation. This enables ""principle-based"" memory material design, allowing researchers to understand exactly why and when electricity starts to flow.
The results confirmed that microscopic defects within amorphous tellurium play a crucial role in electrical conduction. When the voltage exceeds a certain threshold, the corresponding current does not rise all at once;  instead, it follows a two-step switching process: initially, a rapid current increase along the defects occurs primarily during the abrupt electrical switching, followed by heat accumulation that causes the material to melt.
Furthermore, the team successfully implemented a ""self-oscillation"" phenomenon—where voltage spontaneously increases and decreases—by conducting experiments that maintained the amorphous state without excessive current flow. This demonstrates that stable electrical switching is possible using only the single element of tellurium, without the need for complex material combinations.

< Electrical characteristics of amorphous tellurium created through rapid cooling from a liquid state within an electronic device >
This research is a significant achievement as it implements amorphous tellurium—a next-generation memory material—within an actual electronic device and systematically elucidates the fundamental principles of electrical switching. These findings are expected to serve as essential guidelines for designing semiconductor materials to realize faster and more energy-efficient memory in the future.
""This is the first study to implement amorphous tellurium in a real-world device environment and clarify the switching mechanism,"" said Professor Joonki Suh. ""It sets a new standard for research into next-generation memory and switching materials.""
The study, with Namwook Hur as the first author and Seunghwan Kim as the second author, and Professor Joonki Suh (KAIST) as the corresponding author, was published online on January 13th in the international academic journal Nature Communications.
  
Paper Title: On-device cryogenic quenching enables robust amorphous tellurium for threshold switching  
DOI: 10.1038/s41467-025-68223-0  

Meanwhile, this research was supported by the National Research Foundation of Korea (NRF) through the PIM (Processor-in-Memory) AI Semiconductor Core Technology Development Project, the Excellent Young Researcher Program funded by the Ministry of Science and ICT, and Samsung Electronics.​2026.02.09View575",https://news.kaist.ac.kr/newsen/html/news/?mode=V&mng_no=58130&skey=&sval=&list_s_date=&list_e_date=&GotoPage=2,N/A,en
"Distinguished Professor Sang Yup Lee Receives the AIBN Translational Research Award from the University of Queensland, Australia<Distinguished Professor Sang Yup Lee immediately after receiving the AIBN Medal (AIBN Translational Research Award)>
KAIST announced on February 9th that Sang Yup Lee, Distinguished Professor of Chemical and Biomolecular Engineering (and Vice President for Research), was presented with the AIBN Medal (AIBN Translational Research Award) on February 3rd (local time) at the Australian Institute for Bioengineering and Nanotechnology (AIBN), located at the University of Queensland (UQ) in Brisbane, Australia.
The AIBN Medal is awarded to recognize translational research achievements that extend biotechnological research into industrial and social value. It is often described as an award for ""achievements that do not let research end in the laboratory."" Rather than focusing solely on the number of papers or citations, the award prioritizes industrial applicability, technology dissemination, international cooperation, and social impact. It is a symbolic global award in the field of translational research presented by AIBN, a world-class research hub for synthetic biology, metabolic engineering, and biomanufacturing. The medal was personally presented by Professor Sue Harrison, Deputy Vice-Chancellor (Research) at the University of Queensland.

<Professor Sue Harrison, Deputy Vice-Chancellor of UQ, personally presenting the medal>
During his commemorative lecture, Distinguished Professor Sang Yup Lee spoke on the topic of ""Systems Metabolic Engineering for Chemical Production,"" presenting a future vision for sustainable biomanufacturing and synthetic biology technologies.

<Vice President for Research giving the award lecture on Systems Metabolic Engineering for Chemical Production>
For approximately 32 years at KAIST, Distinguished Professor Sang Yup Lee has pioneered research in metabolic engineering, synthetic biology, and systems biotechnology. To date, he has accumulated world-class research achievements, including 798 papers in international journals, 868 patents (registered and filed), over 3,000 presentations at domestic and international conferences, and approximately 690 keynote and invited lectures.
Furthermore, he has contributed to establishing the academic framework of the field through numerous publications, such as Metabolic Engineering, Systems Biology and Biotechnology of Escherichia coli, and Systems Metabolic Engineering.
In its official announcement, AIBN stated the background for the award: ""Distinguished Professor Sang Yup Lee is a world-renowned scholar in the field of systems metabolic engineering who has made continuous and meaningful contributions not only to academic influence but also to the University of Queensland and the Australian research ecosystem."" Notably, Professor Lee played a key role in establishing research strategies during the early days of AIBN (2006–2007). His collaboration has since expanded from sugar-based biomanufacturing to synthetic aviation fuels and waste-gas fermentation-based bioprocessing.
This collaboration led to global joint research with entities such as Amyris (a US-based bio-chemical and fuel company), UC Berkeley, LanzaTech (a global leader in waste-gas fermentation), and SkyNRG (a Dutch company leading the development of Sustainable Aviation Fuel, SAF). These efforts served as a vital foundation for the University of Queensland to become Australia’s representative research hub in synthetic biology and systems metabolic engineering.
Professor Lee is an International Member of the National Academy of Sciences (NAS) and the National Academy of Engineering (NAE) in the US, a Foreign Member of The Royal Society in the UK, and a Foreign Member of the Chinese Academy of Engineering. He also serves as the Co-Chair of the Global Future Council on Biotechnology for the World Economic Forum (WEF), continuing his international activities across academia, policy, and industry.
In his acceptance speech, Vice President Sang Yup Lee remarked, ""I believe this AIBN Medal is not just an individual achievement, but the fruit of long-standing cooperation between researchers from KAIST, UQ, and Korea and Australia. It is a meaningful award that demonstrates how research in systems metabolic engineering and synthetic biology can lead to solutions for sustainable industry and social issues."" He added, ""Moving forward, I will continue to strengthen global research cooperation and translational research to ensure that biotechnology provides tangible value to human life.""
KAIST President Kwang Hyung Lee commented, ""This award goes beyond the personal excellence of Distinguished Professor Sang Yup Lee; it is a case where KAIST’s research capabilities and international cooperation strategies have been recognized globally. KAIST will continue to lead translational research where results spread to industry and society, contributing to the sustainable bio-industry and the resolution of global challenges through cooperation with global partners.""
Meanwhile, Distinguished Professor Sang Yup Lee was originally named the inaugural recipient of the 1st AIBN Medal in 2016. However, the official ceremony was delayed due to scheduling conflicts and the COVID-19 pandemic, leading to his attendance and formal receipt of the award nearly 10 years later.​2026.02.09View501",https://news.kaist.ac.kr/newsen/html/news/?mode=V&mng_no=58111&skey=&sval=&list_s_date=&list_e_date=&GotoPage=2,N/A,en
